Conid,Symbol,NAME,BOG_TH,SOG_TH,Exchange,alpha,beta,R11,R12,R22
43661924,QQQ,POWERSHARES QQQ TRUST SERIES,0.013630573,-0.016806452,NASDAQ,-0.004799391,1.020211616,0.001621273,0.00062003,0.187268891
15547841,TLT,ISHARES 20+ YEAR TREASURY BO,0.008431172,-0.008932945,NASDAQ,-0.000679573,-0.381851138,0.001621273,0.00062003,0.187268891
265598,AAPL,APPLE INC,0.022588256,-0.027118185,NASDAQ,0.001520164,0.921802551,0.001621273,0.00062003,0.187268891
107113386,FB,FACEBOOK INC-A,0.02469248,-0.027477181,NASDAQ,-0.003598961,0.959165321,0.001621273,0.000620008,0.187262242
8719,JNJ,JOHNSON & JOHNSON,0.011,-0.012595217,NYSE,0.000897545,0.599441822,0.001621273,0.00062003,0.187268891
1520593,JPM,JPMORGAN CHASE & CO,0.033182047,-0.031515143,NYSE,-0.005774721,1.25756806,0.001621273,0.00062003,0.187268891
13977,XOM,EXXON MOBIL CORP,0.016944397,-0.01692178,NYSE,0.000608957,0.91505956,0.001621273,0.00062003,0.187268891
6459,DIS,WALT DISNEY CO/THE,0.019795823,-0.018838167,NYSE,-0.002918364,0.751636887,0.001621273,0.00062003,0.187268891
11017,PEP,PEPSICO INC,0.0131045,-0.013657464,NYSE,0.004059212,0.536780123,0.001621273,0.00062003,0.187268891
11054,PG,PROCTER & GAMBLE CO/THE,0.013,-0.014548318,NYSE,-0.000572765,0.60189729,0.001621273,0.00062003,0.187268891
5684,CVX,CHEVRON CORP,0.018187103,-0.01899508,NYSE,0.005412568,1.099596773,0.001621273,0.00062003,0.187268891
70363037,VCSH,VANGUARD S/T CORP BOND ETF,0.001,-0.002165881,NASDAQ,-0.000156037,-0.000902937,0.001621273,0.00062003,0.18726889
49462172,V,VISA INC-CLASS A SHARES,0.027607962,-0.025654206,NYSE,-0.009056047,1.055347101,0.001621273,0.00062003,0.187268891
17321976,ENH,ENDURANCE SPECIALTY HOLDINGS,0.021952118,-0.022074074,NYSE,0.000147034,0.501100843,0.001621273,0.00062003,0.187268891
49588376,PM,PHILIP MORRIS INTERNATIONAL,0.018476091,-0.019399169,NYSE,0.005964118,0.711864657,0.001621273,0.00062003,0.187268891
267748,CMCSA,COMCAST CORP-CLASS A,0.022961051,-0.023653951,NASDAQ,-0.001134335,0.750086172,0.001621273,0.00062003,0.187268891
8794522,NVS,NOVARTIS AG-SPONSORED ADR,0.010364902,-0.012021529,NYSE,0.006252583,0.789350335,0.001621273,0.00062003,0.187268891
7930,HD,HOME DEPOT INC,0.022963855,-0.020953452,NYSE,-0.004276131,0.791022132,0.001621273,0.00062003,0.187268891
13824,WMT,WAL-MART STORES INC,0.014297933,-0.014135024,NYSE,-0.00270848,0.577473974,0.001621273,0.00062003,0.187268891
272093,MSFT,MICROSOFT CORP,0.01829932,-0.018519223,NASDAQ,-0.004389637,1.089144246,0.001621273,0.00062003,0.187268891
9769,MO,ALTRIA GROUP INC,0.014096887,-0.015610218,NYSE,0.006996759,0.503015089,0.001621273,0.00062003,0.187268891
77791077,NXPI,NXP SEMICONDUCTORS NV,0.037776765,-0.033229784,NASDAQ,-0.005810274,1.269261219,0.001621273,0.00062003,0.187268884
4721,AXP,AMERICAN EXPRESS CO,0.032264368,-0.030972432,NYSE,0.002444226,0.81581673,0.001621273,0.00062003,0.187268891
269753,GILD,GILEAD SCIENCES INC,0.021,-0.023472821,NASDAQ,-0.01172221,0.951121288,0.001621273,0.00062003,0.187268891
181387075,MDT,MEDTRONIC PLC,0.016867804,-0.017314149,NYSE,-0.000536976,0.830827444,0.001621273,0.00062003,0.187268891
166090175,BABA,ALIBABA GROUP HOLDING-SP ADR,0.023890774,-0.024429825,NYSE,-0.009719517,1.027857469,0.001621209,0.00060064,0.181419957
273544,QCOM,QUALCOMM INC,0.021337237,-0.022659932,NASDAQ,-0.015770101,0.999013441,0.001621273,0.00062003,0.187268891
49954154,ACWI,ISHARES MSCI ACWI ETF,0.014571833,-0.020530181,NASDAQ,-0.002953684,0.98325926,0.001621273,0.00062003,0.187268891
2585769,CVS,CVS HEALTH CORP,0.019633117,-0.020766454,NYSE,0.006036237,0.668697704,0.001621273,0.00062003,0.187268891
2008980,RY,ROYAL BANK OF CANADA,0.018000941,-0.021751252,NYSE,-0.000550877,0.828331885,0.001621273,0.00062003,0.187268891
5437,CAT,CATERPILLAR INC,0.021989829,-0.02523638,NYSE,-0.014080667,1.104770966,0.001621273,0.00062003,0.187268891
70101545,MRK,MERCK & CO. INC.,0.018957219,-0.020646018,NYSE,0.001899663,0.953686975,0.001621273,0.00062003,0.187268891
6607659,CM,CAN IMPERIAL BK OF COMMERCE,0.020023904,-0.024548333,NYSE,-0.006487598,0.852183076,0.001621273,0.00062003,0.187268891
5749,CL,COLGATE-PALMOLIVE CO,0.01347717,-0.013841312,NYSE,-0.000850283,0.694688134,0.001621273,0.00062003,0.187268891
6442,DHR,DANAHER CORP,0.017518115,-0.017094517,NYSE,-0.001857065,0.762332985,0.001621273,0.00062003,0.187268891
9408,MCD,MCDONALD'S CORP,0.015029493,-0.014924007,NYSE,0.003236971,0.600905973,0.001621273,0.00062003,0.187268891
12200,SLB,SCHLUMBERGER LTD,0.02433981,-0.027101406,NYSE,1.91418E-05,1.09808962,0.001621273,0.00062003,0.187268891
9199,LOW,LOWE'S COS INC,0.025982439,-0.021878547,NYSE,-0.007871985,0.749194675,0.001621273,0.00062003,0.187268891
61319701,AIG,AMERICAN INTERNATIONAL GROUP,0.080092503,-0.076959409,NYSE,0.000150683,1.147744625,0.001621273,0.00062003,0.187268891
274105,SBUX,STARBUCKS CORP,0.025847584,-0.02227414,NASDAQ,-0.006304829,0.845660258,0.001621273,0.00062003,0.187268891
59085966,TWX,TIME WARNER INC,0.023651834,-0.020817628,NYSE,-0.002769426,0.797929776,0.001621273,0.00062003,0.187268891
110176011,DUK,DUKE ENERGY CORP,0.013,-0.015920584,NYSE,0.004062891,0.424250007,0.001621273,0.00062003,0.187268891
4901,VZ,VERIZON COMMUNICATIONS INC,0.01555971,-0.017874904,NYSE,0.004828481,0.57706977,0.001621273,0.00062003,0.187268891
38685693,MA,MASTERCARD INC - A,0.031214464,-0.029631474,NYSE,-0.004471593,1.013562709,0.001621273,0.00062003,0.187268891
7896,HAR,HARMAN INTERNATIONAL,0.037,-0.032205619,NYSE,0.001785356,1.555219206,0.001621273,0.00062003,0.187268891
118089500,ABBV,ABBVIE INC,0.020704788,-0.022960276,NYSE,0.001802215,0.947895857,0.001621273,0.000619931,0.187239032
13096,TXN,TEXAS INSTRUMENTS INC,0.022434749,-0.020746888,NASDAQ,-0.003163515,1.045782294,0.001621273,0.00062003,0.187268891
3206042,YUM,YUM! BRANDS INC,0.021,-0.019427006,NYSE,0.001583957,1.091739236,0.001621273,0.00062003,0.187268891
13379,WM,WASTE MANAGEMENT INC,0.01678215,-0.018456376,NYSE,-0.001496883,0.558248897,0.001621273,0.00062003,0.187268891
6522,DOW,DOW CHEMICAL CO/THE,0.02448285,-0.027597425,NYSE,0.001666965,0.893528066,0.001621273,0.00062003,0.187268891
10291,NKE,NIKE INC -CL B,0.020485685,-0.01964641,NYSE,-0.008083846,0.736804338,0.001621273,0.00062003,0.187268891
29624264,CRM,SALESFORCE.COM INC,0.035241057,-0.031826482,NYSE,-0.008351628,1.192671579,0.001621273,0.00062003,0.187268891
7616,GIS,GENERAL MILLS INC,0.012676576,-0.01311299,NYSE,0.004670866,0.576835265,0.001621273,0.00062003,0.187268891
6327,D,DOMINION RESOURCES INC/VA,0.014561738,-0.015839501,NYSE,0.009914948,0.458358244,0.001621273,0.00062003,0.187268891
6437,TGT,TARGET CORP,0.02480574,-0.022534247,NYSE,-0.003395305,0.50673428,0.001621273,0.00062003,0.187268891
6366,DD,DU PONT (E.I.) DE NEMOURS,0.01973541,-0.020934686,NYSE,0.001064929,0.892521855,0.001621273,0.00062003,0.187268891
5759,CLC,CLARCOR INC,0.023836735,-0.023371849,NYSE,-0.002013137,1.029889512,0.001621273,0.00062003,0.187268891
5111,BMY,BRISTOL-MYERS SQUIBB CO,0.018,-0.018768888,NYSE,0.001873335,0.728166471,0.001621273,0.00062003,0.187268891
9705,MMC,MARSH & MCLENNAN COS,0.024539936,-0.018276762,NYSE,-0.003080072,0.919632464,0.001621273,0.00062003,0.187268891
199169586,KHC,KRAFT HEINZ CO/THE,0.015463428,-0.017569681,NASDAQ,0.009431303,0.891411812,0.001620384,0.000351812,0.106363225
4211,AEP,AMERICAN ELECTRIC POWER,0.015204131,-0.018051508,NYSE,0.00716947,0.48512371,0.001621273,0.00062003,0.187268891
10880,OXY,OCCIDENTAL PETROLEUM CORP,0.023936357,-0.026346464,NYSE,0.017227723,1.117425531,0.001621273,0.00062003,0.187268891
5094,BMO,BANK OF MONTREAL,0.018067818,-0.024248885,NYSE,-0.000212728,0.859632729,0.001621273,0.00062003,0.187268891
53224215,AAXJ,ISHARES MSCI ALL COUNTRY ASI,0.017595423,-0.027023102,NASDAQ,-0.006579456,1.068258716,0.001621273,0.00062003,0.187268891
4350,HON,HONEYWELL INTERNATIONAL INC,0.018476887,-0.020426727,NYSE,-0.002177687,0.942842348,0.001621273,0.00062003,0.187268891
12814,TJX,TJX COMPANIES INC,0.023,-0.020233559,NYSE,-0.00657179,0.7906997,0.001621273,0.00062003,0.187268891
2586035,PCG,P G & E CORP,0.016214652,-0.016331325,NYSE,0.011031911,0.439138655,0.001621273,0.00062003,0.187268891
4661,ADP,AUTOMATIC DATA PROCESSING,0.015039066,-0.016297475,NASDAQ,0.013953179,0.928809322,0.001621273,0.00062003,0.187268891
6231002,UPS,UNITED PARCEL SERVICE-CL B,0.016065975,-0.01643804,NYSE,-0.010616466,0.660463999,0.001621273,0.00062003,0.187268891
198560237,WEC,WEC ENERGY GROUP INC,0.013840976,-0.014639742,NYSE,0.008138505,0.415158477,0.001621273,0.00062003,0.187268891
3804335,SAP,SAP SE-SPONSORED ADR,0.015062134,-0.015724184,NYSE,0.000347475,1.003006298,0.001621273,0.00062003,0.187268891
11240,PNC,PNC FINANCIAL SERVICES GROUP,0.036370582,-0.033716298,NYSE,-0.002862525,1.127797693,0.001621273,0.00062003,0.187268891
9358,MAR,MARRIOTT INTERNATIONAL -CL A,0.02858365,-0.02604305,NASDAQ,0.012098649,1.085908011,0.001621273,0.00062003,0.187268891
11899,EIX,EDISON INTERNATIONAL,0.016363562,-0.018734006,NYSE,0.01353212,0.35833233,0.001621273,0.00062003,0.187268891
6842,EMR,EMERSON ELECTRIC CO,0.020562597,-0.02060452,NYSE,-0.007826378,1.101163646,0.001621273,0.00062003,0.187268891
178634687,WBA,WALGREENS BOOTS ALLIANCE INC,0.020529339,-0.018723176,NASDAQ,-6.12323E-05,0.891213638,0.001621273,0.00062003,0.187268891
13364,UTX,UNITED TECHNOLOGIES CORP,0.016,-0.017088192,NYSE,-0.002037803,0.826984796,0.001621273,0.00062003,0.187268891
272942,PAYX,PAYCHEX INC,0.016823181,-0.016686043,NASDAQ,0.005405963,0.854739515,0.001621273,0.00062003,0.187268891
2730980,STT,STATE STREET CORP,0.039570062,-0.038762115,NYSE,-0.012037904,1.485014408,0.001621273,0.00062003,0.187268891
4728759,CTSH,COGNIZANT TECH SOLUTIONS-A,0.025,-0.027016383,NASDAQ,-0.005389966,1.058601115,0.001621273,0.00062003,0.187268891
8314,IBM,INTL BUSINESS MACHINES CORP,0.015682136,-0.015271721,NYSE,-0.005879842,0.88082606,0.001621273,0.00062003,0.187268891
105669270,PSX,PHILLIPS 66,0.020896935,-0.020981177,NYSE,0.003853566,1.165327323,0.001621273,0.000620014,0.187263941
13440,VFC,VF CORP,0.02167912,-0.021978142,NYSE,-0.010134288,0.964886397,0.001621273,0.00062003,0.187268891
67889930,ACN,ACCENTURE PLC-CL A,0.020052632,-0.021054968,NYSE,-0.007787778,0.916933264,0.001621273,0.00062003,0.187268891
37083548,CBS,CBS CORP-CLASS B NON VOTING,0.033918627,-0.033261027,NYSE,0.006400064,0.906040342,0.001621273,0.00062003,0.187268891
5407,CAH,CARDINAL HEALTH INC,0.018,-0.019542009,NYSE,0.005668794,0.998307228,0.001621273,0.00062003,0.187268891
5941,COF,CAPITAL ONE FINANCIAL CORP,0.049384224,-0.040301147,NYSE,-0.00314692,1.217765591,0.001621273,0.00062003,0.187268891
182880167,ES,EVERSOURCE ENERGY,0.05154185,-0.065125604,NYSE,-6.16934E-06,0.004821403,0.001621273,0.00062003,0.187268891
10611,NVO,NOVO-NORDISK A/S-SPONS ADR,0.013461422,-0.014106261,NYSE,0.00207467,0.794718012,0.001621273,0.00062003,0.187268891
273939,ROST,ROSS STORES INC,0.024,-0.021515081,NASDAQ,0.018530659,0.736034697,0.001621273,0.00062003,0.187268891
272997,COST,COSTCO WHOLESALE CORP,0.017761141,-0.017450579,NASDAQ,0.001785097,0.510820481,0.001621273,0.00062003,0.187268891
96079833,LVLT,LEVEL 3 COMMUNICATIONS INC,0.058791667,-0.049177107,NYSE,0.000819629,1.26841376,0.001621273,0.00062003,0.187268891
5022638,CHL,CHINA MOBILE LTD-SPON ADR,0.016734842,-0.020036642,NYSE,-0.011481363,0.914467495,0.001621273,0.00062003,0.187268891
136370275,ICE,INTERCONTINENTAL EXCHANGE IN,0.039497735,-0.039407035,NYSE,-0.007516889,1.058964371,0.001621273,0.00062003,0.187268891
4357,ALL,ALLSTATE CORP,0.027697674,-0.026193159,NYSE,0.006712857,0.693741941,0.001621273,0.00062003,0.187268891
6691,ED,CONSOLIDATED EDISON INC,0.012,-0.013797032,NYSE,0.007510182,0.230367102,0.001621273,0.00062003,0.187268891
5651,CHD,CHURCH & DWIGHT CO INC,0.014222222,-0.016113753,NYSE,0.002443464,0.322082503,0.001621273,0.00062003,0.187268891
9160,LLY,ELI LILLY & CO,0.015832101,-0.017165965,NYSE,0.027995338,0.750101617,0.001621273,0.00062003,0.187268891
10523297,MON,MONSANTO CO,0.026627183,-0.026793064,NYSE,0.001935663,0.746339034,0.001621273,0.00062003,0.187268891
44652220,DFS,DISCOVER FINANCIAL SERVICES,0.042,-0.040878034,NYSE,-0.00467258,1.044882482,0.001621273,0.00062003,0.187268891
1448477,EL,ESTEE LAUDER COMPANIES-CL A,0.021244336,-0.019692891,NYSE,-0.014667167,0.873388791,0.001621273,0.00062003,0.187268891
9720,MMM,3M CO,0.01488049,-0.016557447,NYSE,0.002148626,0.777419766,0.001621273,0.00062003,0.187268891
265768,ADBE,ADOBE SYSTEMS INC,0.023482029,-0.023498899,NASDAQ,-0.011961769,1.140008179,0.001621273,0.00062003,0.187268891
6393,DE,DEERE & CO,0.026934166,-0.027312039,NYSE,0.001990992,0.779793025,0.001621273,0.00062003,0.187268891
37866641,FIS,FIDELITY NATIONAL INFO SERV,0.022687236,-0.020231324,NYSE,-0.00188105,0.939850921,0.001621273,0.00062003,0.187268891
5980,CPB,CAMPBELL SOUP CO,0.014758627,-0.014010633,NYSE,0.000666883,0.511790431,0.001621273,0.00062003,0.187268891
8864,KMB,KIMBERLY-CLARK CORP,0.012162617,-0.013036624,NYSE,0.005057939,0.592307025,0.001621273,0.00062003,0.187268891
275085,TEVA,TEVA PHARMACEUTICAL-SP ADR,0.018880536,-0.019520997,NYSE,-0.007139652,0.732776239,0.001621273,0.00062003,0.187268891
4227,AFL,AFLAC INC,0.031707178,-0.034687419,NYSE,-0.001288675,0.892457049,0.001621273,0.00062003,0.187268891
266145,AMGN,AMGEN INC,0.018345876,-0.019687933,NASDAQ,-0.001873759,1.153721402,0.001621273,0.00062003,0.187268891
35418811,NGG,NATIONAL GRID PLC-SP ADR,0.013,-0.012275629,NYSE,0.002940986,0.711949707,0.001621273,0.00062003,0.187268891
4762,BA,BOEING CO/THE,0.019273794,-0.021102525,NYSE,-0.000745975,1.061785335,0.001621273,0.00062003,0.187268891
15124833,NFLX,NETFLIX INC,0.039580188,-0.033939314,NASDAQ,-0.002467237,1.231230909,0.001621273,0.00062003,0.187268891
275405,TSN,TYSON FOODS INC-CL A,0.027656126,-0.029142857,NYSE,0.000394906,0.499409404,0.001621273,0.00062003,0.187268891
105430010,ESRX,EXPRESS SCRIPTS HOLDING CO,0.023304582,-0.024212688,NASDAQ,-0.001781286,0.839393294,0.001621273,0.00062003,0.187268891
267475,CERN,CERNER CORP,0.024531067,-0.022681378,NASDAQ,0.000783991,0.97481202,0.001621273,0.00062003,0.187268891
45127739,CME,CME GROUP INC,0.030864865,-0.030730872,NASDAQ,0.001126295,0.693325659,0.001621273,0.00062003,0.187268891
128835017,BNDX,VANGUARD TOTAL INTL BOND ETF,0.001622926,-0.003930376,NASDAQ,0.001336139,-0.035484682,0.001621272,0.000619685,0.187164864
79020263,VTWO,VANGUARD RUSSELL 2000 ETF,0.010764877,-0.014313437,NASDAQ,-0.002362243,1.056172932,0.001621273,0.00062003,0.187268875
7788,DEO,DIAGEO PLC-SPONSORED ADR,0.011589659,-0.012304092,NYSE,0.001110735,0.802624693,0.001621273,0.00062003,0.187268891
8758,K,KELLOGG CO,0.012910561,-0.013611872,NYSE,-0.001486139,0.514942451,0.001621273,0.00062003,0.187268891
50860546,DPS,DR PEPPER SNAPPLE GROUP INC,0.021269504,-0.020741731,NYSE,0.002067295,0.491019175,0.001621273,0.00062003,0.187268891
10802095,SYT,SYNGENTA AG-ADR,0.016805732,-0.017483068,NYSE,-0.002140848,0.188599861,0.001621273,0.00062003,0.187268891
4493,APH,AMPHENOL CORP-CL A,0.023081526,-0.022731134,NYSE,-0.005921308,0.923084619,0.001621273,0.00062003,0.187268891
2459465,DGX,QUEST DIAGNOSTICS INC,0.017,-0.01833372,NYSE,0.002966464,0.826060299,0.001621273,0.00062003,0.187268891
13272,UNH,UNITEDHEALTH GROUP INC,0.025746193,-0.026883287,NYSE,0.012672051,0.822937034,0.001621273,0.00062003,0.187268891
3691937,AMZN,AMAZON.COM INC,0.029547225,-0.025110329,NASDAQ,-0.006504171,1.051545975,0.001621273,0.00062003,0.187268891
268995,EA,ELECTRONIC ARTS INC,0.029095768,-0.026457711,NASDAQ,-0.013446323,0.796630267,0.001621273,0.00062003,0.187268891
11295,PPG,PPG INDUSTRIES INC,0.019461008,-0.019725389,NYSE,-0.0042802,1.191347217,0.001621273,0.00062003,0.187268891
176571182,CCI,CROWN CASTLE INTL CORP,0.026988439,-0.026717949,NYSE,-0.004094126,0.583632131,0.001621273,0.00062003,0.187268891
61440265,IR,INGERSOLL-RAND PLC,0.025012225,-0.027529977,NYSE,-0.003931686,1.254374389,0.001621273,0.00062003,0.187268891
99831145,AMT,AMERICAN TOWER CORP,0.02295691,-0.024055901,NYSE,-0.002330757,0.825634213,0.001621273,0.00062003,0.187268891
196986496,MNST,MONSTER BEVERAGE CORP,0.038901982,-0.035225352,NASDAQ,0.001898497,0.943875057,0.001621273,0.00062003,0.187268891
13497,VLO,VALERO ENERGY CORP,0.027848112,-0.033584736,NYSE,0.004953215,1.148368989,0.001621273,0.00062003,0.187268891
1035459,DVA,DAVITA INC,0.020107852,-0.018779888,NYSE,0.005407721,0.773457744,0.001621273,0.00062003,0.187268891
43150617,TRV,TRAVELERS COS INC/THE,0.025632015,-0.022577659,NYSE,0.004817117,0.785318769,0.001621273,0.00062003,0.187268891
61481454,BUD,ANHEUSER-BUSCH INBEV-SPN ADR,0.013488909,-0.012664202,NYSE,0.003217328,0.863577499,0.001621273,0.00062003,0.187268891
4457163,CNI,CANADIAN NATL RAILWAY CO,0.0195547,-0.021894003,NYSE,-0.003062691,0.96538675,0.001621273,0.00062003,0.187268891
85548741,TEL,TE CONNECTIVITY LTD,0.03,-0.025846482,NYSE,-0.010311444,1.103340314,0.001621273,0.00062003,0.187268891
94078796,FBHS,FORTUNE BRANDS HOME & SECURI,0.026870613,-0.023586998,NYSE,0.000897462,1.113619714,0.001621273,0.000620027,0.187267965
229629397,SPGI,S&P GLOBAL INC,0.026977073,-0.028095352,NYSE,-0.009822294,1.178659016,0.001621273,0.00062003,0.187268891
74866700,LYB,LYONDELLBASELL INDU-CL A,0.024130435,-0.029189763,NYSE,-0.002134644,1.27938497,0.001621273,0.00062003,0.187268889
6890,EOG,EOG RESOURCES INC,0.02782469,-0.0288533,NYSE,-0.004294407,1.305628141,0.001621273,0.00062003,0.187268891
39118796,HES,HESS CORP,0.03,-0.032206145,NYSE,-0.007033261,1.632897412,0.001621273,0.00062003,0.187268891
4157,ADI,ANALOG DEVICES INC,0.022402556,-0.021315992,NASDAQ,-0.01134572,1.108830084,0.001621273,0.00062003,0.187268891
5090107,RHT,RED HAT INC,0.03,-0.026962547,NYSE,-0.001627206,1.024516246,0.001621273,0.00062003,0.187268891
754956,HAS,HASBRO INC,0.023,-0.021660589,NASDAQ,-0.022692681,0.749121172,0.001621273,0.00062003,0.187268891
267455,CELG,CELGENE CORP,0.024745401,-0.026742289,NASDAQ,-0.000800934,1.338073055,0.001621273,0.00062003,0.187268891
98542021,EXPE,EXPEDIA INC,0.031977955,-0.02980298,NASDAQ,-0.004942645,1.054179032,0.001621273,0.00062003,0.187268891
85076790,HCA,HCA HOLDINGS INC,0.025463942,-0.02995669,NYSE,-2.06336E-05,0.892378063,0.001621273,0.00062003,0.187268735
11758,RTN,RAYTHEON COMPANY,0.016807766,-0.016310896,NYSE,-0.004900182,0.586714554,0.001621273,0.00062003,0.187268891
49388062,DLTR,DOLLAR TREE INC,0.024892243,-0.023078951,NASDAQ,-0.010632514,0.652134778,0.001621273,0.00062003,0.187268891
204429726,NLSN,NIELSEN HOLDINGS PLC,0.021,-0.016241379,NYSE,0.005005248,0.897625866,0.001621273,0.00062003,0.187268793
70363044,VGSH,VANGUARD SHORT-TERM GOV BND,0.057668105,-0.00131169,NASDAQ,5.12891E-05,-0.020817131,0.001621273,0.00062003,0.18726889
79498203,UAL,UNITED CONTINENTAL HOLDINGS,0.058,-0.061118133,NYSE,0.00129529,1.294415476,0.001621273,0.00062003,0.187268891
10811,OMC,OMNICOM GROUP,0.017710481,-0.0182836,NYSE,-0.01361243,0.899085525,0.001621273,0.00062003,0.187268891
271556,MKC,MCCORMICK & CO-NON VTG SHRS,0.013,-0.014288904,NYSE,-0.000718498,0.589469297,0.001621273,0.00062003,0.187268891
13284,UNP,UNION PACIFIC CORP,0.023842212,-0.02418382,NYSE,-0.006318174,0.978750453,0.001621273,0.00062003,0.187268891
272992,PCAR,PACCAR INC,0.026831919,-0.026283209,NASDAQ,-0.00736305,1.229357852,0.001621273,0.00062003,0.187268891
33191300,TAP,MOLSON COORS BREWING CO -B,0.019004792,-0.019494957,NYSE,-0.002566613,0.864009889,0.001621273,0.00062003,0.187268891
69293559,VRSK,VERISK ANALYTICS INC,0.017727674,-0.014540984,NASDAQ,-0.000805046,0.766650546,0.001621273,0.00062003,0.187268891
29380756,NDAQ,NASDAQ INC,0.037,-0.033320665,NASDAQ,-0.005654384,0.752992192,0.001621273,0.00062003,0.187268891
11450,PX,PRAXAIR INC,0.02,-0.018890162,NYSE,-0.00487185,0.823859157,0.001621273,0.00062003,0.187268891
6917,EQR,EQUITY RESIDENTIAL,0.0365,-0.032819315,NYSE,0.010050338,0.509185228,0.001621273,0.00062003,0.187268891
70363051,VCIT,VANGUARD INT-TERM CORPORATE,0.002772675,-0.004523475,NASDAQ,-0.00060548,-0.035387498,0.001621273,0.00062003,0.18726889
36320731,CHRW,C.H. ROBINSON WORLDWIDE INC,0.022555339,-0.021077005,NASDAQ,-0.018442508,0.613037602,0.001621273,0.00062003,0.187268891
270662,INTU,INTUIT INC,0.020254625,-0.018229885,NASDAQ,-0.003192902,0.993858203,0.001621273,0.00062003,0.187268891
218939694,CB,CHUBB LTD,0.023732262,-0.021976378,NYSE,-0.000229963,0.179718127,0.001621273,0.00062003,0.187268891
269764,GK,G & K SERVICES INC -CL A,0.027,-0.026151131,NASDAQ,-0.002104351,0.586674196,0.001621273,0.00062003,0.187268891
6682,ECL,ECOLAB INC,0.016697911,-0.017015733,NYSE,-0.008728017,0.943445332,0.001621273,0.00062003,0.187268891
4487,APD,AIR PRODUCTS & CHEMICALS INC,0.019580144,-0.019626434,NYSE,-0.007037609,0.748612239,0.001621273,0.00062003,0.187268891
125005718,LB,L BRANDS INC,0.031,-0.027169133,NYSE,-0.02188525,0.802412735,0.001621273,0.00062003,0.187268891
661440,DRI,DARDEN RESTAURANTS INC,0.026804087,-0.024342112,NYSE,-0.005960456,0.737786046,0.001621273,0.00062003,0.187268891
224225737,XRAY,DENTSPLY SIRONA INC,0.018690531,-0.017969493,NASDAQ,-0.001253329,0.835690102,0.001621273,0.00062003,0.187268891
275321,TROW,T ROWE PRICE GROUP INC,0.031,-0.030199085,NASDAQ,0.004725406,1.176403785,0.001621273,0.00062003,0.187268891
4627828,GS,GOLDMAN SACHS GROUP INC,0.028741519,-0.031510068,NYSE,-0.008641334,1.386011747,0.001621273,0.00062003,0.187268891
70212228,DG,DOLLAR GENERAL CORP,0.01906483,-0.0190036,NYSE,0.002755987,0.485318364,0.001621273,0.00062003,0.187268891
2586156,KMX,CARMAX INC,0.034789474,-0.033244813,NYSE,-0.004161928,1.331698367,0.001621273,0.00062003,0.187268891
98542026,TRIP,TRIPADVISOR INC,0.030440868,-0.028471958,NASDAQ,-0.004904433,0.949940599,0.001621273,0.000620024,0.18726706
105316759,AON,AON PLC,0.020103752,-0.017081081,NYSE,-0.002194327,0.886653498,0.001621273,0.00062003,0.187268891
611191,LMT,LOCKHEED MARTIN CORP,0.016624484,-0.017724977,NYSE,-0.003967229,0.525530253,0.001621273,0.00062003,0.187268891
221033377,AVGO,BROADCOM LTD,0.024129375,-0.026340557,NASDAQ,-0.004373417,1.281423108,0.001621273,0.00062003,0.187268891
12796138,HDB,HDFC BANK LTD-ADR,0.028119488,-0.028622951,NYSE,-0.016859682,0.776163258,0.001621273,0.00062003,0.187268891
4430948,SYK,STRYKER CORP,0.016850622,-0.019173519,NYSE,0.002341685,0.819895431,0.001621273,0.00062003,0.187268891
13878278,CNC,CENTENE CORP,0.032,-0.034942824,NYSE,-0.005497627,1.007191273,0.001621273,0.00062003,0.187268891
268149,CTAS,CINTAS CORP,0.02,-0.017442623,NASDAQ,-0.002500372,0.839431833,0.001621273,0.00062003,0.187268891
45642839,VMW,VMWARE INC-CLASS A,0.036972013,-0.038118644,NYSE,-0.008809745,0.841678036,0.001621273,0.00062003,0.187268891
127284359,Q,QUINTILES IMS HOLDINGS INC,0.017200855,-0.018214616,NYSE,-0.017821889,0.869721637,0.001621272,0.00061974,0.187181473
76227954,CBOE,CBOE HOLDINGS INC,0.0184,-0.019140127,NASDAQ,-0.001750633,0.409134304,0.001621273,0.00062003,0.187268888
13865082,PRU,PRUDENTIAL FINANCIAL INC,0.047034364,-0.047767684,NYSE,-0.003133546,1.397714433,0.001621273,0.00062003,0.187268891
10672,O,REALTY INCOME CORP,0.02714966,-0.028233679,NYSE,0.010935945,0.44366002,0.001621273,0.00062003,0.187268891
57755168,MJN,MEAD JOHNSON NUTRITION CO,0.020765125,-0.019660404,NYSE,-0.003718846,0.7867652,0.001621273,0.00062003,0.187268891
4173050,VRSN,VERISIGN INC,0.029184845,-0.024769806,NASDAQ,-0.011168213,1.027866057,0.001621273,0.00062003,0.187268891
12869,TMO,THERMO FISHER SCIENTIFIC INC,0.019208803,-0.020543809,NYSE,-0.007202935,1.189239085,0.001621273,0.00062003,0.187268891
138438437,ALLE,ALLEGION PLC,0.017542998,-0.019279687,NYSE,-0.009948377,1.112709376,0.001621269,0.000618802,0.186898442
12588744,COL,ROCKWELL COLLINS INC,0.018846696,-0.019208805,NYSE,-0.002633295,0.843302,0.001621273,0.00062003,0.187268891
4694,AVY,AVERY DENNISON CORP,0.020851519,-0.02054686,NYSE,-0.000761039,1.04145662,0.001621273,0.00062003,0.187268891
196610642,AGN,ALLERGAN PLC,0.022537709,-0.021703825,NYSE,-6.27046E-05,0.049004252,0.001621273,0.00062003,0.187268891
6858322,TSCO,TRACTOR SUPPLY COMPANY,0.026631528,-0.025049204,NASDAQ,0.000722451,0.718654305,0.001621273,0.00062003,0.187268891
48410287,DISH,DISH NETWORK CORP-A,0.03,-0.028077962,NASDAQ,-0.00516533,1.235778473,0.001621273,0.00062003,0.187268891
265681,ADSK,AUTODESK INC,0.027286439,-0.028218014,NASDAQ,-0.017414649,1.321198307,0.001621273,0.00062003,0.187268891
14025,FL,FOOT LOCKER INC,0.03,-0.030725648,NYSE,-0.008995187,0.70859441,0.001621273,0.00062003,0.187268891
11477774,GPN,GLOBAL PAYMENTS INC,0.019,-0.022744681,NYSE,-0.007678078,1.297508088,0.001621273,0.00062003,0.187268891
13024,TTC,TORO CO,0.027,-0.022705304,NYSE,0.000276504,-0.001251571,0.001621273,0.00062003,0.187268891
45157951,LULU,LULULEMON ATHLETICA INC,0.045674983,-0.045285182,NASDAQ,-0.013855206,0.896091463,0.001621273,0.00062003,0.187268891
16454492,WYNN,WYNN RESORTS LTD,0.041257654,-0.039465496,NASDAQ,0.00142578,1.173762747,0.001621273,0.00062003,0.187268891
276066,STZ,CONSTELLATION BRANDS INC-A,0.023073892,-0.023007752,NYSE,0.006678197,0.874229416,0.001621273,0.00062003,0.187268891
80536912,VNQI,VANGUARD GLBL EX-US REAL EST,0.006458952,-0.011121259,NASDAQ,-0.006164334,0.928737476,0.001621273,0.00062003,0.18726886
13796753,CUK,CARNIVAL PLC-ADR,0.022,-0.02240691,NYSE,-0.015242433,1.000739734,0.001621273,0.00062003,0.187268891
8101142,EW,EDWARDS LIFESCIENCES CORP,0.02,-0.019080242,NYSE,0.007108717,1.134554577,0.001621273,0.00062003,0.187268891
12856,TMK,TORCHMARK CORP,0.02844897,-0.027439625,NYSE,-0.003479571,0.946359998,0.001621273,0.00062003,0.187268891
5513,CCK,CROWN HOLDINGS INC,0.022446115,-0.022265645,NYSE,-0.002754366,0.981219031,0.001621273,0.00062003,0.187268891
6497,MCO,MOODY'S CORP,0.033911366,-0.032603788,NYSE,-0.006682655,1.275290853,0.001621273,0.00062003,0.187268891
8160,HRS,HARRIS CORP,0.021,-0.024118888,NYSE,-0.007623345,0.929136526,0.001621273,0.00062003,0.187268891
76792991,TSLA,TESLA MOTORS INC,0.038321247,-0.039574983,NASDAQ,0.014161465,0.927214928,0.001621273,0.00062003,0.187268887
6737,PKI,PERKINELMER INC,0.02072345,-0.023231253,NYSE,-0.00130252,1.122024343,0.001621273,0.00062003,0.187268891
5100583,FDX,FEDEX CORP,0.021048351,-0.021597215,NYSE,-0.006501854,0.998054764,0.001621273,0.00062003,0.187268891
104791597,VNTV,VANTIV INC - CL A,0.019,-0.019350117,NYSE,0.005979267,0.977596907,0.001621273,0.000620016,0.187264674
208813719,GOOGL,ALPHABET INC-CL A,0.018969151,-0.022815787,NASDAQ,-0.005550185,0.92855514,0.001621273,0.00062003,0.187268891
4172987,CHKP,CHECK POINT SOFTWARE TECH,0.021442368,-0.020715472,NASDAQ,-0.000712663,0.729770009,0.001621273,0.00062003,0.187268891
6969,ETR,ENTERGY CORP,0.016650493,-0.018370858,NYSE,0.007857243,0.475922953,0.001621273,0.00062003,0.187268891
5794,CLX,CLOROX COMPANY,0.014216056,-0.014063988,NYSE,0.007482021,0.367322541,0.001621273,0.00062003,0.187268891
12225,AOS,SMITH (A.O.) CORP,0.027952381,-0.025558753,NYSE,-0.008439071,1.457336788,0.001621273,0.00062003,0.187268891
13400,VAR,VARIAN MEDICAL SYSTEMS INC,0.020779783,-0.022907205,NYSE,-0.002372971,0.929294959,0.001621273,0.00062003,0.187268891
8620,ITW,ILLINOIS TOOL WORKS,0.018926347,-0.018911572,NYSE,-0.001813204,0.89659106,0.001621273,0.00062003,0.187268891
40021002,WYN,WYNDHAM WORLDWIDE CORP,0.051718668,-0.043579015,NYSE,0.004344693,1.109485961,0.001621273,0.00062003,0.187268891
11070844,AET,AETNA INC,0.028466227,-0.029015544,NYSE,0.002125428,1.034982908,0.001621273,0.00062003,0.187268891
7496,GD,GENERAL DYNAMICS CORP,0.017,-0.018385233,NYSE,0.000243992,0.778667449,0.001621273,0.00062003,0.187268891
35359385,BIDU,BAIDU INC - SPON ADR,0.041761436,-0.038517034,NASDAQ,-0.010585871,1.136538298,0.001621273,0.00062003,0.187268891
75103410,SIX,SIX FLAGS ENTERTAINMENT CORP,0.022,-0.020878924,NYSE,-0.000569334,0.728169295,0.001621273,0.00062003,0.187268889
81731135,FRC,FIRST REPUBLIC BANK/CA,0.017724262,-0.017932203,NYSE,-0.004612494,1.158337397,0.001621273,0.00062003,0.187268835
117902840,ASML,ASML HOLDING NV-NY REG SHS,0.021,-0.020642112,NASDAQ,0.008582339,1.132490898,0.001621273,0.00062003,0.187268891
153068487,PNR,PENTAIR PLC,0.022683564,-0.023315789,NYSE,-0.011947558,1.21846761,0.001621273,0.00062003,0.187268891
118017869,ETN,EATON CORP PLC,0.022,-0.022854423,NYSE,-0.001234207,1.265740363,0.001621273,0.00062003,0.187268891
6832,EMN,EASTMAN CHEMICAL CO,0.023105035,-0.023558545,NYSE,-0.005953253,1.084055023,0.001621273,0.00062003,0.187268891
267661,CINF,CINCINNATI FINANCIAL CORP,0.024162694,-0.024949101,NASDAQ,-0.015278419,0.902050658,0.001621273,0.00062003,0.187268891
4818054,SHPG,SHIRE PLC-ADR,0.017672614,-0.019153551,NASDAQ,0.014309733,1.077527282,0.001621273,0.00062003,0.187268891
12851783,ZBH,ZIMMER BIOMET HOLDINGS INC,0.019064255,-0.019862052,NYSE,-0.002286367,0.982704245,0.001621273,0.00062003,0.187268891
6220356,AKAM,AKAMAI TECHNOLOGIES INC,0.032384289,-0.031433155,NASDAQ,-0.000352578,1.311121662,0.001621273,0.00062003,0.187268891
6735,EFX,EQUIFAX INC,0.018079277,-0.017914916,NYSE,-0.000175146,1.013725081,0.001621273,0.00062003,0.187268891
4044062,VTR,VENTAS INC,0.029896485,-0.036911717,NYSE,0.002307459,0.547914667,0.001621273,0.00062003,0.187268891
11520,RCL,ROYAL CARIBBEAN CRUISES LTD,0.037489635,-0.038696676,NYSE,-0.012793174,1.251168069,0.001621273,0.00062003,0.187268891
266822,WRB,WR BERKLEY CORP,0.023,-0.021311674,NYSE,-0.002338695,0.772691602,0.001621273,0.00062003,0.187268891
1714996,ABC,AMERISOURCEBERGEN CORP,0.018525641,-0.019480443,NYSE,0.00178034,0.719977241,0.001621273,0.00062003,0.187268891
6478100,SRCL,STERICYCLE INC,0.02,-0.018380209,NASDAQ,0.002622105,0.750843896,0.001621273,0.00062003,0.187268891
75960201,NEE,NEXTERA ENERGY INC,0.017,-0.017969151,NYSE,0.009634759,0.446411343,0.001621273,0.00062003,0.187268891
8199,HSY,HERSHEY CO/THE,0.016686275,-0.014663805,NYSE,0.003111458,0.52239063,0.001621273,0.00062003,0.187268891
47101335,MSCI,MSCI INC,0.034740316,-0.036156679,NYSE,-0.005264503,0.942003073,0.001621273,0.00062003,0.187268891
4726021,SWKS,SKYWORKS SOLUTIONS INC,0.033421468,-0.035382716,NASDAQ,-0.000815347,1.67971927,0.001621273,0.00062003,0.187268891
115324104,WDAY,WORKDAY INC-CLASS A,0.030494624,-0.029045977,NYSE,-0.005854346,1.421653283,0.001621273,0.000619964,0.18724884
41622169,FSLR,FIRST SOLAR INC,0.048359526,-0.042791554,NASDAQ,0.043077686,1.549191635,0.001621273,0.00062003,0.187268891
8949,KSU,KANSAS CITY SOUTHERN,0.029949495,-0.031195799,NYSE,0.00725089,0.980716727,0.001621273,0.00062003,0.187268891
13011,TSO,TESORO CORP,0.035078464,-0.037083333,NYSE,-0.000323265,1.32283938,0.001621273,0.00062003,0.187268891
11902,SCG,SCANA CORP,0.014025078,-0.015946137,NYSE,0.008406089,0.466121355,0.001621273,0.00062003,0.187268891
10497,NSC,NORFOLK SOUTHERN CORP,0.024271293,-0.024878788,NYSE,-0.010468818,1.05560018,0.001621273,0.00062003,0.187268891
269315,FISV,FISERV INC,0.018,-0.017270733,NASDAQ,0.000614041,0.890456006,0.001621273,0.00062003,0.187268891
50530752,AWK,AMERICAN WATER WORKS CO INC,0.017558845,-0.021528918,NYSE,0.004921141,0.45823054,0.001621273,0.00062003,0.187268891
6585,DTE,DTE ENERGY COMPANY,0.014265893,-0.016125628,NYSE,0.007082628,0.454489244,0.001621273,0.00062003,0.187268891
97478493,DLPH,DELPHI AUTOMOTIVE PLC,0.018905991,-0.021653906,NYSE,-0.011007016,1.402976796,0.001621273,0.000620025,0.187267321
36206901,WBMD,WEBMD HEALTH CORP,0.044,-0.034656426,NASDAQ,-0.02262421,0.764579086,0.001621273,0.00062003,0.187268891
18963197,AXS,AXIS CAPITAL HOLDINGS LTD,0.024788173,-0.021883026,NYSE,-0.005626473,0.535880198,0.001621273,0.00062003,0.187268891
207739931,HCN,WELLTOWER INC,0.021798742,-0.025101262,NYSE,0.010356589,0.617185814,0.001621273,0.00062003,0.187268891
270825,JBHT,HUNT (JB) TRANSPRT SVCS INC,0.026578947,-0.024036054,NASDAQ,-0.009342542,0.834630491,0.001621273,0.00062003,0.187268891
4528615,AN,AUTONATION INC,0.041223301,-0.031263849,NYSE,-0.000645737,1.198074507,0.001621273,0.00062003,0.187268891
661507,LH,LABORATORY CRP OF AMER HLDGS,0.015482856,-0.016932633,NYSE,-0.000368846,0.786582126,0.001621273,0.00062003,0.187268891
272565,NTRS,NORTHERN TRUST CORP,0.026678031,-0.027841496,NASDAQ,-0.009000523,1.312814031,0.001621273,0.00062003,0.187268891
32943358,CE,CELANESE CORP-SERIES A,0.032279661,-0.035957093,NYSE,-0.009107754,1.253960293,0.001621273,0.00062003,0.187268891
11020,SRE,SEMPRA ENERGY,0.016447602,-0.017731707,NYSE,0.005762687,0.573097532,0.001621273,0.00062003,0.187268891
173962302,ANTM,ANTHEM INC,0.024426382,-0.023442333,NYSE,0.003839258,0.950290368,0.001621273,0.00062003,0.187268891
2586128,KRC,KILROY REALTY CORP,0.032,-0.032044199,NYSE,0.001402491,0.868143637,0.001621273,0.00062003,0.187268891
81581011,MSI,MOTOROLA SOLUTIONS INC,0.028134431,-0.029082268,NYSE,0.000115656,0.694159889,0.001621273,0.00062003,0.187268891
15130038,SJM,JM SMUCKER CO/THE,0.014811218,-0.015848438,NYSE,0.004827585,0.499151376,0.001621273,0.00062003,0.187268891
275241,TM,TOYOTA MOTOR CORP -SPON ADR,0.012150432,-0.01680377,NYSE,-0.005599112,0.959458593,0.001621273,0.00062003,0.187268891
43523793,BR,BROADRIDGE FINANCIAL SOLUTIO,0.028,-0.023422242,NYSE,0.001306787,0.807379388,0.001621273,0.00062003,0.187268891
1448481,TLK,TELEKOMUNIK INDONESIA-SP ADR,0.023351351,-0.022379157,NYSE,-0.012433436,1.102250993,0.001621273,0.00062003,0.187268891
9657,MCK,MCKESSON CORP,0.018397562,-0.021580083,NYSE,-0.005568405,1.040432892,0.001621273,0.00062003,0.187268891
5052,BLL,BALL CORP,0.01911575,-0.019656741,NYSE,0.003662478,0.90061494,0.001621273,0.00062003,0.187268891
7740411,PKG,PACKAGING CORP OF AMERICA,0.023813953,-0.025758294,NYSE,-0.001383622,1.066813511,0.001621273,0.00062003,0.187268891
1767080,CTXS,CITRIX SYSTEMS INC,0.025283019,-0.025826685,NASDAQ,-0.004905179,1.292586861,0.001621273,0.00062003,0.187268891
11257,PNW,PINNACLE WEST CAPITAL,0.01461968,-0.016751592,NYSE,0.003948407,0.41291317,0.001621273,0.00062003,0.187268891
4886,BDX,BECTON DICKINSON AND CO,0.014,-0.015243243,NYSE,-0.004468378,0.846051633,0.001621273,0.00062003,0.187268891
7745,GPC,GENUINE PARTS CO,0.01669979,-0.017096774,NYSE,-0.002836958,0.862101862,0.001621273,0.00062003,0.187268891
73354293,SWK,STANLEY BLACK & DECKER INC,0.022653631,-0.021130107,NYSE,-0.009654971,1.004200162,0.001621273,0.00062003,0.187268891
6207,CMI,CUMMINS INC,0.034,-0.032180629,NYSE,-0.019345014,1.096562216,0.001621273,0.00062003,0.187268891
51782225,SNI,SCRIPPS NETWORKS INTER-CL A,0.027,-0.027001649,NASDAQ,-0.005354979,0.708207806,0.001621273,0.00062003,0.187268891
235248586,WCN,WASTE CONNECTIONS INC,0.01952919,-0.01819932,NYSE,-0.000474595,0.370900523,0.001621273,0.00062003,0.187268891
10763362,ACGL,ARCH CAPITAL GROUP LTD,0.018557129,-0.018753086,NASDAQ,0.000345864,0.54893014,0.001621273,0.00062003,0.187268891
12120,SHW,SHERWIN-WILLIAMS CO/THE,0.023,-0.020049768,NYSE,0.008060779,0.920026338,0.001621273,0.00062003,0.187268891
2009113,SPG,SIMON PROPERTY GROUP INC,0.036212527,-0.033439873,NYSE,-0.000555603,0.629162683,0.001621273,0.00062003,0.187268891
4457288,DOX,AMDOCS LTD,0.02,-0.019757609,NASDAQ,-0.001571896,0.667741337,0.001621273,0.00062003,0.187268891
270957,KLAC,KLA-TENCOR CORP,0.025667185,-0.023998369,NASDAQ,-0.005386731,0.779928881,0.001621273,0.00062003,0.187268891
140067524,PRGO,PERRIGO CO PLC,0.023158756,-0.022943326,NYSE,-0.001016547,1.028750323,0.001621273,0.00062003,0.187268891
271308,LRCX,LAM RESEARCH CORP,0.03,-0.027386156,NASDAQ,-0.007184078,1.220448835,0.001621273,0.00062003,0.187268891
12791,TIF,TIFFANY & CO,0.029333657,-0.027310781,NYSE,-0.018249121,1.140045073,0.001621273,0.00062003,0.187268891
11517520,IBB,ISHARES NASDAQ BIOTECHNOLOGY,0.016005497,-0.02049308,NASDAQ,0.001745776,1.396623813,0.001621273,0.00062003,0.187268891
167236260,CDK,CDK GLOBAL INC,0.028341438,-0.023450318,NASDAQ,0.002238919,1.017112431,0.001621208,0.000600334,0.181327739
57698865,EQT,EQT CORP,0.026714193,-0.026796327,NYSE,-0.029057896,0.994827506,0.001621273,0.00062003,0.187268891
1717101,TUP,TUPPERWARE BRANDS CORP,0.026449592,-0.027243243,NYSE,-0.014507094,1.281387638,0.001621273,0.00062003,0.187268891
661633,WAB,WABTEC CORP,0.02819576,-0.027773807,NYSE,-0.009224377,1.123163511,0.001621273,0.00062003,0.187268891
4816130,OTEX,OPEN TEXT CORP,0.027420263,-0.023993745,NASDAQ,-0.005573797,0.936843685,0.001621273,0.00062003,0.187268891
53145883,IAC,IAC/INTERACTIVECORP,0.023,-0.022161853,NASDAQ,-0.003320604,0.90871122,0.001621273,0.00062003,0.187268891
12844443,BG,BUNGE LTD,0.029094676,-0.030973264,NYSE,0.011344055,0.863420935,0.001621273,0.00062003,0.187268891
11656,RJF,RAYMOND JAMES FINANCIAL INC,0.034484735,-0.033471264,NYSE,-0.007143759,1.378151168,0.001621273,0.00062003,0.187268891
13793280,WOOF,VCA INC,0.021730603,-0.022728814,NASDAQ,0.011116288,0.928332625,0.001621273,0.00062003,0.187268891
10376,NOC,NORTHROP GRUMMAN CORP,0.016692978,-0.017400038,NYSE,-0.001977076,0.637474398,0.001621273,0.00062003,0.187268891
32618459,HLF,HERBALIFE LTD,0.035135103,-0.039823789,NYSE,-0.009699616,1.053818003,0.001621273,0.00062003,0.187268891
179002152,QRVO,QORVO INC,0.042680851,-0.041454545,NASDAQ,-0.006307917,1.64332783,0.001621273,0.00062003,0.187268891
26593783,CRI,CARTER'S INC,0.03,-0.028148076,NYSE,-0.013878681,0.725988565,0.001621273,0.00062003,0.187268891
11574,REG,REGENCY CENTERS CORP,0.034364331,-0.032276869,NYSE,0.007035342,0.632907667,0.001621273,0.00062003,0.187268891
49601334,HRC,HILL-ROM HOLDINGS INC,0.022236934,-0.025007241,NYSE,-0.004517589,0.937763992,0.001621273,0.00062003,0.187268891
9317,MAA,MID-AMERICA APARTMENT COMM,0.031,-0.028490552,NYSE,0.009148416,0.488640448,0.001621273,0.00062003,0.187268891
2746144,ALV,AUTOLIV INC,0.021021904,-0.024746202,NYSE,-0.000489854,0.952320717,0.001621273,0.00062003,0.187268891
19012089,MOH,MOLINA HEALTHCARE INC,0.031035045,-0.03333349,NYSE,0.005230338,1.05633978,0.001621273,0.00062003,0.187268891
4726176,ALXN,ALEXION PHARMACEUTICALS INC,0.029360861,-0.027924328,NASDAQ,0.022590499,1.28187645,0.001621273,0.00062003,0.187268891
8385,IFF,INTL FLAVORS & FRAGRANCES,0.017357403,-0.017625929,NYSE,-0.011820588,0.869409485,0.001621273,0.00062003,0.187268891
4726368,ANSS,ANSYS INC,0.02542539,-0.024302026,NASDAQ,0.002120663,1.029033806,0.001621273,0.00062003,0.187268891
3655640,HSIC,HENRY SCHEIN INC,0.017333102,-0.016393913,NASDAQ,-0.000517081,0.814356975,0.001621273,0.00062003,0.187268891
44963008,MIC,MACQUARIE INFRASTRUCTURE COR,0.072247312,-0.065346706,NYSE,-0.00143244,0.920049014,0.001621273,0.00062003,0.187268891
100547520,POST,POST HOLDINGS INC,0.029,-0.024019563,NYSE,0.00187286,0.969071112,0.001621273,0.000620021,0.187266168
129166805,MNK,MALLINCKRODT PLC,0.033208618,-0.037123673,NYSE,0.014322149,1.477164572,0.001621272,0.000619652,0.187154823
107051249,INGR,INGREDION INC,0.027090909,-0.029729167,NYSE,0.003835093,0.708458521,0.001621273,0.00062003,0.187268891
31832526,DLR,DIGITAL REALTY TRUST INC,0.029,-0.030657936,NYSE,-0.001163097,0.650963322,0.001621273,0.00062003,0.187268891
89520835,AMCX,AMC NETWORKS INC-A,0.026037037,-0.024640761,NASDAQ,-0.001245653,0.790686366,0.001621273,0.000620029,0.187268484
4083812,GRA,WR GRACE & CO,0.051,-0.043521179,NYSE,-0.003330717,0.900841002,0.001621273,0.00062003,0.187268891
11459264,ALGN,ALIGN TECHNOLOGY INC,0.037258427,-0.034730668,NASDAQ,0.007642355,1.12113997,0.001621273,0.00062003,0.187268891
13909,WST,WEST PHARMACEUTICAL SERVICES,0.022,-0.02162298,NYSE,-0.004033694,0.960101223,0.001621273,0.00062003,0.187268891
217947855,WLTW,WILLIS TOWERS WATSON PLC,0.021438382,-0.022905077,NASDAQ,-0.002027366,0.914943729,0.001621273,0.00062003,0.187268891
92306678,RL,RALPH LAUREN CORP,0.028019555,-0.026481238,NYSE,-0.028648,0.937499993,0.001621273,0.00062003,0.187268891
270413,IDXX,IDEXX LABORATORIES INC,0.023096282,-0.020606426,NASDAQ,-0.003799967,0.937574196,0.001621273,0.00062003,0.187268891
4568,ARW,ARROW ELECTRONICS INC,0.025041078,-0.024154762,NYSE,-0.00461929,1.28340653,0.001621273,0.00062003,0.187268891
9355,MAN,MANPOWERGROUP INC,0.025815901,-0.027092358,NYSE,-0.00415817,1.485493001,0.001621273,0.00062003,0.187268891
8097,HP,HELMERICH & PAYNE,0.031501247,-0.033936044,NYSE,-0.019633308,1.429045257,0.001621273,0.00062003,0.187268891
27727424,AIZ,ASSURANT INC,0.027992845,-0.031418257,NYSE,-0.007750259,0.87391346,0.001621273,0.00062003,0.187268891
2585629,ROP,ROPER TECHNOLOGIES INC,0.022165568,-0.021301679,NYSE,-0.007437743,0.974265036,0.001621273,0.00062003,0.187268891
5019164,WSM,WILLIAMS-SONOMA INC,0.03609901,-0.031237056,NYSE,-0.01131091,0.969580255,0.001621273,0.00062003,0.187268891
30351205,EXR,EXTRA SPACE STORAGE INC,0.031,-0.031357143,NYSE,0.010425003,0.500860041,0.001621273,0.00062003,0.187268891
6517,DOV,DOVER CORP,0.022134868,-0.021297072,NYSE,-0.005437901,1.140554745,0.001621273,0.00062003,0.187268891
231849289,BBH,VANECK VECTORS BIOTECH ETF,0.015865528,-0.020862753,NASDAQ,-0.002074532,1.250652201,0.001621273,0.000620023,0.187266831
174076715,LAMR,LAMAR ADVERTISING CO-A,0.041995885,-0.036371158,NASDAQ,-0.00216348,0.78516129,0.001621273,0.00062003,0.187268891
274173,SMG,SCOTTS MIRACLE-GRO CO-CL A,0.026,-0.02264859,NYSE,-0.002848557,0.790741547,0.001621273,0.00062003,0.187268891
661377,AFG,AMERICAN FINANCIAL GROUP INC,0.024944373,-0.025149321,NYSE,0.004687928,0.782869684,0.001621273,0.00062003,0.187268891
110619459,PANW,PALO ALTO NETWORKS INC,0.030604012,-0.03258767,NYSE,0.00083018,1.225617357,0.001621273,0.000619995,0.187258184
56884113,MD,MEDNAX INC,0.024097854,-0.022142058,NYSE,-0.003250459,0.825451876,0.001621273,0.00062003,0.187268891
4457287,IT,GARTNER INC,0.026446933,-0.025838966,NYSE,-0.00083976,0.844521934,0.001621273,0.00062003,0.187268891
35970258,AMP,AMERIPRISE FINANCIAL INC,0.035464765,-0.036216319,NYSE,-0.015342755,1.556293672,0.001621273,0.00062003,0.187268891
105955748,SPLK,SPLUNK INC,0.032908136,-0.040099502,NASDAQ,-0.003637282,1.707893297,0.001621273,0.000620013,0.18726365
4651,ATR,APTARGROUP INC,0.0194,-0.019346369,NYSE,-0.003245707,0.796403058,0.001621273,0.00062003,0.187268891
13432503,CP,CANADIAN PACIFIC RAILWAY LTD,0.025,-0.024020286,NYSE,-0.005905733,1.198066436,0.001621273,0.00062003,0.187268891
1448494,WAT,WATERS CORP,0.02125628,-0.019593502,NYSE,-0.00539968,1.021840929,0.001621273,0.00062003,0.187268891
13394,VAL,VALSPAR CORP/THE,0.022263158,-0.020108292,NYSE,0.008887118,0.526467922,0.001621273,0.00062003,0.187268891
6004,CPT,CAMDEN PROPERTY TRUST,0.033918961,-0.031840237,NYSE,0.012197348,0.547375962,0.001621273,0.00062003,0.187268891
196179389,EPC,EDGEWELL PERSONAL CARE CO,0.02325638,-0.021488026,NYSE,-0.009046982,0.872687085,0.001621273,0.00062003,0.187268891
55998789,RGA,REINSURANCE GROUP OF AMERICA,0.026675376,-0.025315789,NYSE,-0.006639218,0.964849479,0.001621273,0.00062003,0.187268891
137497719,WUBA,58.COM INC-ADR,0.060555957,-0.041553316,NYSE,-0.016487799,1.082502819,0.00162127,0.00061896,0.186946269
4352,ALK,ALASKA AIR GROUP INC,0.038,-0.035592255,NYSE,-0.001324142,0.959776325,0.001621273,0.00062003,0.187268891
11094,PH,PARKER HANNIFIN CORP,0.022299929,-0.023436853,NYSE,0.001460325,1.11602301,0.001621273,0.00062003,0.187268891
3629755,URI,UNITED RENTALS INC,0.041142857,-0.044377358,NYSE,-0.007212816,1.747792918,0.001621273,0.00062003,0.187268891
96983623,ACHC,ACADIA HEALTHCARE CO INC,0.030404255,-0.035497382,NASDAQ,0.013685411,1.252880142,0.001621273,0.000620026,0.18726753
21555838,MMP,MAGELLAN MIDSTREAM PARTNERS,0.022464239,-0.02616214,NYSE,0.007422943,0.801645716,0.001621273,0.00062003,0.187268891
4817352,RMD,RESMED INC,0.021035363,-0.019707158,NYSE,0.001056488,0.812071672,0.001621273,0.00062003,0.187268891
29831612,DPZ,DOMINO'S PIZZA INC,0.032064266,-0.031675676,NYSE,-0.003414623,0.833172518,0.001621273,0.00062003,0.187268891
11697,ROK,ROCKWELL AUTOMATION INC,0.024958767,-0.025027088,NYSE,-0.007452002,1.141508967,0.001621273,0.00062003,0.187268891
13206,UHS,UNIVERSAL HEALTH SERVICES-B,0.024199536,-0.023480447,NYSE,-0.000439279,0.866161827,0.001621273,0.00062003,0.187268891
9322,MAC,MACERICH CO/THE,0.056,-0.050117028,NYSE,0.005981573,0.786410251,0.001621273,0.00062003,0.187268891
13535,VNO,VORNADO REALTY TRUST,0.034835116,-0.035910762,NYSE,0.006920125,0.819759981,0.001621273,0.00062003,0.187268891
211003293,STE,STERIS PLC,0.021260906,-0.021431433,NYSE,-0.004124004,0.998461032,0.001621273,0.00062003,0.187268891
119808418,WPPGY,WPP PLC-SPONSORED ADR,0.014,-0.016486733,NASDAQ,-0.0028113,1.236764019,0.001621273,0.00062003,0.187268891
247915706,ASH,ASHLAND GLOBAL HOLDINGS INC,0.031507146,-0.03457379,NYSE,-0.016188086,0.791751771,0.001621273,0.00062003,0.187268891
233674866,CHTR,CHARTER COMMUNICATIONS INC-A,0.024,-0.021472762,NASDAQ,-0.002427447,0.86375742,0.001621273,0.00062003,0.18726889
4816936,PRXL,PAREXEL INTERNATIONAL CORP,0.031457986,-0.031460751,NASDAQ,-0.005331555,1.082375876,0.001621273,0.00062003,0.187268891
127670820,DATA,TABLEAU SOFTWARE INC-CL A,0.033787909,-0.036724421,NYSE,-0.005665657,1.506907864,0.001621272,0.000619722,0.187175931
4347,ALB,ALBEMARLE CORP,0.026339207,-0.027567728,NYSE,-0.007223441,1.34655089,0.001621273,0.00062003,0.187268891
70363041,VMBS,VANGUARD MORTGAGE-BACKED SEC,0.003,-0.003285158,NASDAQ,-0.001507477,-0.031752724,0.001621273,0.00062003,0.18726889
6030,CR,CRANE CO,0.024,-0.025176973,NYSE,-0.017872506,1.0560719,0.001621273,0.00062003,0.187268891
33175912,PBH,PRESTIGE BRANDS HOLDINGS INC,0.03405717,-0.03385056,NYSE,0.000454304,0.860682385,0.001621273,0.00062003,0.187268891
53747825,SIG,SIGNET JEWELERS LTD,0.03,-0.024482465,NYSE,-0.008817737,1.05602623,0.001621273,0.00062003,0.187268891
12786,THO,THOR INDUSTRIES INC,0.033638725,-0.030771483,NYSE,0.006345131,0.949806767,0.001621273,0.00062003,0.187268891
275850,VRTX,VERTEX PHARMACEUTICALS INC,0.035666667,-0.03399676,NASDAQ,-0.00593749,1.748845095,0.001621273,0.00062003,0.187268891
2008216,MSM,MSC INDUSTRIAL DIRECT CO-A,0.023174852,-0.023226233,NYSE,0.000705938,0.829060993,0.001621273,0.00062003,0.187268891
4814485,MANH,MANHATTAN ASSOCIATES INC,0.025986877,-0.024491015,NASDAQ,0.00370913,1.22514228,0.001621273,0.00062003,0.187268891
4812396,GWR,GENESEE & WYOMING INC-CL A,0.030957704,-0.029889868,NYSE,-0.019771507,1.584009793,0.001621273,0.00062003,0.187268891
70363079,VGIT,VANGUARD INTERM-TERM GOVT BD,0.003,-0.006606875,NASDAQ,-0.000546568,-0.097208669,0.001621273,0.00062003,0.18726889
27059190,TPX,TEMPUR SEALY INTERNATIONAL I,0.047,-0.041721969,NYSE,0.01285623,1.19219032,0.001621273,0.00062003,0.187268891
109911821,NOW,SERVICENOW INC,0.03356691,-0.033975649,NYSE,-0.012829767,1.505034852,0.001621273,0.00062,0.187259697
26734397,BIIB,BIOGEN INC,0.02534578,-0.022547095,NASDAQ,-0.002543098,1.238175362,0.001621273,0.00062003,0.187268891
34563763,THS,TREEHOUSE FOODS INC,0.023660116,-0.024191299,NYSE,0.005157212,0.793635263,0.001621273,0.00062003,0.187268891
2730877,CRL,CHARLES RIVER LABORATORIES,0.021925151,-0.022304727,NYSE,-0.004178136,1.061725324,0.001621273,0.00062003,0.187268891
270869,JKHY,JACK HENRY & ASSOCIATES INC,0.020010463,-0.018951794,NASDAQ,-0.002174765,0.780027481,0.001621273,0.00062003,0.187268891
5021349,FMX,FOMENTO ECONOMICO MEX-SP ADR,0.025197646,-0.024103647,NYSE,-0.012754687,0.9520492,0.001621273,0.00062003,0.187268891
100825898,GWRE,GUIDEWIRE SOFTWARE INC,0.03125358,-0.031550256,NYSE,-0.006005368,1.260764676,0.001621273,0.000620021,0.18726623
4818193,SLGN,SILGAN HOLDINGS INC,0.022,-0.020975177,NASDAQ,0.00335646,0.856019338,0.001621273,0.00062003,0.187268891
4644,ATO,ATMOS ENERGY CORP,0.014666667,-0.015990985,NYSE,0.009307982,0.568695322,0.001621273,0.00062003,0.187268891
2586162,MTN,VAIL RESORTS INC,0.034578588,-0.03154386,NYSE,-0.001284148,0.803103128,0.001621273,0.00062003,0.187268891
3142097,PXD,PIONEER NATURAL RESOURCES CO,0.031666667,-0.032549907,NYSE,-0.011117336,1.302941807,0.001621273,0.00062003,0.187268891
37655664,CMG,CHIPOTLE MEXICAN GRILL INC,0.033136547,-0.030821578,NYSE,0.018893618,0.473637011,0.001621273,0.00062003,0.187268891
267265,CASY,CASEY'S GENERAL STORES INC,0.024,-0.023233115,NASDAQ,0.003832797,0.499754581,0.001621273,0.00062003,0.187268891
90794895,PVH,PVH CORP,0.031314471,-0.029942663,NYSE,-0.031375951,1.278681083,0.001621273,0.00062003,0.187268891
76266556,SPB,SPECTRUM BRANDS HOLDINGS INC,0.027707828,-0.024869565,NYSE,0.002326262,0.864309477,0.001621273,0.00062003,0.187268891
5702,CI,CIGNA CORP,0.034134395,-0.032118675,NYSE,0.012584486,0.695238138,0.001621273,0.00062003,0.187268891
113407826,WPC,WP CAREY INC,0.023854977,-0.024867628,NYSE,0.009509594,0.616054717,0.001621273,0.00062003,0.187268891
2585323,MTB,M & T BANK CORP,0.031859409,-0.030074074,NYSE,-0.005552656,1.131737796,0.001621273,0.00062003,0.187268891
69238858,FNV,FRANCO-NEVADA CORP,0.030831258,-0.029463373,NYSE,0.014313848,0.235940365,0.001621273,0.00062003,0.187268891
135699190,BURL,BURLINGTON STORES INC,0.02678827,-0.027244898,NYSE,-0.005164604,0.783800743,0.00162127,0.000619188,0.187014998
31918434,NWE,NORTHWESTERN CORP,0.016682382,-0.01831137,NYSE,0.002304572,0.553736778,0.001621273,0.00062003,0.187268891
13515,VMC,VULCAN MATERIALS CO,0.034,-0.028966094,NYSE,-0.006018576,1.052107956,0.001621273,0.00062003,0.187268891
4851,BCR,CR BARD INC,0.015989765,-0.015197682,NYSE,0.002380889,0.714255788,0.001621273,0.00062003,0.187268891
82457808,ORLY,O'REILLY AUTOMOTIVE INC,0.023439515,-0.020025084,NASDAQ,0.001926727,0.60926586,0.001621273,0.00062003,0.187268891
9584,ELS,EQUITY LIFESTYLE PROPERTIES,0.027682028,-0.026811543,NYSE,0.010070324,0.373722058,0.001621273,0.00062003,0.187268891
6120,CSL,CARLISLE COS INC,0.022367276,-0.022673913,NYSE,-0.007740588,0.865646663,0.001621273,0.00062003,0.187268891
268376,DECK,DECKERS OUTDOOR CORP,0.037423191,-0.035802453,NYSE,-0.05087988,1.067910905,0.001621273,0.00062003,0.187268891
13751,WHR,WHIRLPOOL CORP,0.030591728,-0.030083234,NYSE,-0.003946587,1.177883559,0.001621273,0.00062003,0.187268891
6608158,MMS,MAXIMUS INC,0.02239128,-0.021139361,NYSE,2.00026E-05,1.075902865,0.001621273,0.00062003,0.187268891
6857447,BMRN,BIOMARIN PHARMACEUTICAL INC,0.034113402,-0.032404658,NASDAQ,0.000410173,1.420006056,0.001621273,0.00062003,0.187268891
611242,PII,POLARIS INDUSTRIES INC,0.031790869,-0.03027325,NYSE,-0.009785069,1.109330284,0.001621273,0.00062003,0.187268891
37075152,THG,HANOVER INSURANCE GROUP INC/,0.022985832,-0.020536431,NYSE,0.001547835,0.714772899,0.001621273,0.00062003,0.187268891
7361,FRT,FEDERAL REALTY INVS TRUST,0.030108696,-0.028376899,NYSE,0.005983562,0.652413051,0.001621273,0.00062003,0.187268891
8251,HUM,HUMANA INC,0.03099388,-0.029449827,NYSE,0.001838051,0.7524813,0.001621273,0.00062003,0.187268891
8377,IEX,IDEX CORP,0.022841035,-0.023539326,NYSE,-0.007858744,0.960843398,0.001621273,0.00062003,0.187268891
153912055,ANET,ARISTA NETWORKS INC,0.033544965,-0.037283882,NYSE,-0.001816355,1.274842222,0.001621251,0.000613382,0.185263689
12485,SUI,SUN COMMUNITIES INC,0.032,-0.027998243,NYSE,0.008819445,0.409939568,0.001621273,0.00062003,0.187268891
4813137,IART,INTEGRA LIFESCIENCES HOLDING,0.021,-0.023483138,NASDAQ,0.003951992,0.873578105,0.001621273,0.00062003,0.187268891
5021340,BXP,BOSTON PROPERTIES INC,0.032510099,-0.032385201,NYSE,0.000696855,0.829083771,0.001621273,0.00062003,0.187268891
6246667,SBAC,SBA COMMUNICATIONS CORP-CL A,0.030608764,-0.030415337,NASDAQ,-0.00137539,1.087115527,0.001621273,0.00062003,0.187268891
4027,AAP,ADVANCE AUTO PARTS INC,0.024254069,-0.021539896,NYSE,-0.003470019,0.924424584,0.001621273,0.00062003,0.187268891
181150075,OA,ORBITAL ATK INC,0.018783986,-0.020168069,NYSE,0.002715408,0.811585671,0.001621273,0.00062003,0.187268891
6482,DLX,DELUXE CORP,0.033121951,-0.034189189,NYSE,-0.000494547,1.145536023,0.001621273,0.00062003,0.187268891
70363054,VCLT,VANGUARD LONG-TERM CORP BOND,0.00544898,-0.008582011,NASDAQ,-0.000791902,-0.062886233,0.001621273,0.00062003,0.18726889
10199,NFG,NATIONAL FUEL GAS CO,0.019429084,-0.021849294,NYSE,-0.000785646,0.867436887,0.001621273,0.00062003,0.187268891
4651842,PCLN,PRICELINE GROUP INC/THE,0.029586749,-0.028812301,NASDAQ,-0.013417895,1.192692287,0.001621273,0.00062003,0.187268891
29241131,NUVA,NUVASIVE INC,0.03310734,-0.032196419,NASDAQ,-0.004512617,0.858551734,0.001621273,0.00062003,0.187268891
8885958,SINA,SINA CORP,0.041,-0.03647619,NASDAQ,-0.020336251,1.137806066,0.001621273,0.00062003,0.187268891
9869443,ILMN,ILLUMINA INC,0.03558954,-0.031478261,NASDAQ,0.00560314,1.571728584,0.001621273,0.00062003,0.187268891
6607487,ARE,ALEXANDRIA REAL ESTATE EQUIT,0.031,-0.030451631,NYSE,0.006485356,0.813015217,0.001621273,0.00062003,0.187268891
134306225,SAIC,SCIENCE APPLICATIONS INTE,0.02332959,-0.021727391,NYSE,-0.008616828,1.03328081,0.001621271,0.000619294,0.187046842
5022,BKH,BLACK HILLS CORP,0.019453861,-0.019893077,NYSE,0.005225035,0.732950817,0.001621273,0.00062003,0.187268891
12002,PSA,PUBLIC STORAGE,0.030762969,-0.026596772,NYSE,0.006195652,0.522935372,0.001621273,0.00062003,0.187268891
81835582,FLT,FLEETCOR TECHNOLOGIES INC,0.022,-0.022226122,NYSE,-0.009885766,1.284659903,0.001621273,0.00062003,0.187268831
172185589,LBRDK,LIBERTY BROADBAND-C,0.028111992,-0.022104272,NASDAQ,-0.00264064,0.855090367,0.001621168,0.000588338,0.177709203
11478,R,RYDER SYSTEM INC,0.028,-0.026651007,NYSE,-0.017089692,1.503367859,0.001621273,0.00062003,0.187268891
1847145,FDS,FACTSET RESEARCH SYSTEMS INC,0.021,-0.024154341,NYSE,-0.001244489,0.886403727,0.001621273,0.00062003,0.187268891
5960,COO,COOPER COS INC/THE,0.025,-0.026583815,NYSE,-0.002169708,0.690809239,0.001621273,0.00062003,0.187268891
2585438,AGU,AGRIUM INC,0.030178982,-0.032898792,NYSE,-0.014397146,0.81469008,0.001621273,0.00062003,0.187268891
5049,BLK,BLACKROCK INC,0.031149006,-0.028380106,NYSE,-0.001551661,1.36746841,0.001621273,0.00062003,0.187268891
4729968,EEFT,EURONET WORLDWIDE INC,0.031,-0.028918206,NASDAQ,-0.005838247,1.060185666,0.001621273,0.00062003,0.187268891
5177,BPL,BUCKEYE PARTNERS LP,0.023038462,-0.027172248,NYSE,0.008989184,0.943861166,0.001621273,0.00062003,0.187268891
4369855,INCY,INCYTE CORP,0.044280992,-0.043997783,NASDAQ,-0.005644955,1.724947249,0.001621273,0.00062003,0.187268891
6477725,RE,EVEREST RE GROUP LTD,0.020606791,-0.01996623,NYSE,-0.001739699,0.615467503,0.001621273,0.00062003,0.187268891
6477825,JACK,JACK IN THE BOX INC,0.027577181,-0.026574803,NASDAQ,-0.003936479,0.783281802,0.001621273,0.00062003,0.187268891
210918190,RYAAY,RYANAIR HOLDINGS PLC-SP ADR,0.026581865,-0.024888022,NASDAQ,0.000855469,0.865658667,0.001621273,0.00062003,0.187268891
46970422,ULTA,ULTA SALON COSMETICS & FRAGR,0.046466431,-0.041692939,NASDAQ,0.015090407,0.954304278,0.001621273,0.00062003,0.187268891
15468463,GOLD,RANDGOLD RESOURCES LTD-ADR,0.030505486,-0.030049658,NASDAQ,-0.011616898,0.267853763,0.001621273,0.00062003,0.187268891
45182651,CXO,CONCHO RESOURCES INC,0.040339407,-0.038649231,NYSE,-0.006327201,1.575185706,0.001621273,0.00062003,0.187268891
274027,SAFM,SANDERSON FARMS INC,0.032,-0.027789059,NASDAQ,0.016596562,0.572900535,0.001621273,0.00062003,0.187268891
6608473,SLG,SL GREEN REALTY CORP,0.059129853,-0.047756976,NYSE,0.000820897,1.075570633,0.001621273,0.00062003,0.187268891
5610,CFR,CULLEN/FROST BANKERS INC,0.024,-0.02269153,NYSE,-0.010584549,1.333037052,0.001621273,0.00062003,0.187268891
5026974,AVB,AVALONBAY COMMUNITIES INC,0.032821951,-0.030190083,NYSE,0.010705612,0.549309923,0.001621273,0.00062003,0.187268891
116776441,EPR,EPR PROPERTIES,0.032984652,-0.032748811,NYSE,0.000715638,0.577843821,0.001621273,0.00062003,0.187268891
12651,TCO,TAUBMAN CENTERS INC,0.036710732,-0.033260503,NYSE,0.005531476,0.569139939,0.001621273,0.00062003,0.187268891
33837089,DXCM,DEXCOM INC,0.058485294,-0.046406139,NASDAQ,-0.007338628,1.216526436,0.001621273,0.00062003,0.187268891
272667,ODFL,OLD DOMINION FREIGHT LINE,0.032824438,-0.030379187,NASDAQ,-0.003000922,1.049563442,0.001621273,0.00062003,0.187268891
70363056,VGLT,VANGUARD LONG-TERM GOV BOND,0.007,-0.008675117,NASDAQ,-0.000709483,-0.340205812,0.001621273,0.00062003,0.18726889
6746554,VSAT,VIASAT INC,0.028741302,-0.027012496,NASDAQ,-0.009275653,1.069000638,0.001621273,0.00062003,0.187268891
86766111,ELLI,ELLIE MAE INC,0.041,-0.04014875,NYSE,0.004559251,1.091000652,0.001621273,0.000620029,0.187268664
113960787,RHP,RYMAN HOSPITALITY PROPERTIES,0.046,-0.042333333,NYSE,0.003115117,1.01479902,0.001621273,0.00062003,0.187268891
11735,RS,RELIANCE STEEL & ALUMINUM,0.033963661,-0.033305908,NYSE,-0.008482537,1.201303392,0.001621273,0.00062003,0.187268891
117636259,YY,YY INC-ADR,0.047743403,-0.046132463,NASDAQ,-0.00481957,1.243151244,0.001621273,0.000619943,0.187242551
12259,SNA,SNAP-ON INC,0.022,-0.021086957,NYSE,-0.007142315,0.9232617,0.001621273,0.00062003,0.187268891
38285434,TDG,TRANSDIGM GROUP INC,0.026751132,-0.026265594,NYSE,-0.003718027,0.904909955,0.001621273,0.00062003,0.187268891
57482345,IGOV,ISHARES INTERNATIONAL TREASU,0.005,-0.008494253,NASDAQ,-0.001037427,-0.059999689,0.001621273,0.00062003,0.187268891
6248713,FFIV,F5 NETWORKS INC,0.033622047,-0.029638231,NASDAQ,-0.001403982,0.963917169,0.001621273,0.00062003,0.187268891
6236,CW,CURTISS-WRIGHT CORP,0.023600968,-0.023206493,NYSE,-0.011951087,1.133224798,0.001621273,0.00062003,0.187268891
27267807,EXP,EAGLE MATERIALS INC,0.034707526,-0.03312424,NYSE,-0.002080006,1.419980424,0.001621273,0.00062003,0.187268891
108773515,PDCE,PDC ENERGY INC,0.04255832,-0.041411146,NASDAQ,-0.007136601,1.268469379,0.001621273,0.00062003,0.187268891
89596984,CAVM,CAVIUM INC,0.041,-0.037003976,NASDAQ,-0.004462857,1.384890261,0.001621273,0.00062003,0.187268891
2008959,RNR,RENAISSANCERE HOLDINGS LTD,0.022936523,-0.020737592,NYSE,-0.007922267,0.563206059,0.001621273,0.00062003,0.187268891
7867,GWW,WW GRAINGER INC,0.019946575,-0.01916318,NYSE,-0.002297648,0.873637222,0.001621273,0.00062003,0.187268891
115441080,FANG,DIAMONDBACK ENERGY INC,0.034716442,-0.032676843,NASDAQ,-0.001155507,1.405975382,0.001621273,0.000619964,0.18724884
4814179,LECO,LINCOLN ELECTRIC HOLDINGS,0.025267871,-0.02461968,NASDAQ,-0.0046203,0.925229408,0.001621273,0.00062003,0.187268891
194246312,CEB,CEB INC,0.026493384,-0.025080925,NYSE,0.002029223,1.293070727,0.001621273,0.00062003,0.187268891
1715032,DNB,DUN & BRADSTREET CORP,0.017563683,-0.018493868,NYSE,-0.012314006,1.028803175,0.001621273,0.00062003,0.187268891
5754,CLB,CORE LABORATORIES N.V.,0.029001362,-0.029261477,NYSE,0.000904637,1.163585269,0.001621273,0.00062003,0.187268891
9690,MLM,MARTIN MARIETTA MATERIALS,0.030985087,-0.026663344,NYSE,-0.005490517,1.124961404,0.001621273,0.00062003,0.187268891
12750,TFX,TELEFLEX INC,0.018,-0.019134231,NYSE,0.002533554,0.899251023,0.001621273,0.00062003,0.187268891
121810224,ICLR,ICON PLC,0.030712074,-0.031608863,NASDAQ,-0.016900748,0.81247153,0.001621273,0.00062003,0.187268891
271344,LSTR,LANDSTAR SYSTEM INC,0.026,-0.024847118,NASDAQ,-0.024284368,0.865577862,0.001621273,0.00062003,0.187268891
273538,PZZA,PAPA JOHN'S INTL INC,0.026568127,-0.024289411,NASDAQ,0.006897957,0.778625476,0.001621273,0.00062003,0.187268891
12820953,IBKC,IBERIABANK CORP,0.026729952,-0.025055623,NASDAQ,-0.011041275,1.263038533,0.001621273,0.00062003,0.187268891
260592089,LLL,L3 TECHNOLOGIES INC,0.017,-0.017773649,NYSE,-0.003884022,0.767223424,0.001621273,0.00062003,0.187268891
101898880,EPAM,EPAM SYSTEMS INC,0.035,-0.03094412,NYSE,-0.009712244,1.16558534,0.001621273,0.00062002,0.187265904
9063285,ISRG,INTUITIVE SURGICAL INC,0.031,-0.028308614,NASDAQ,0.00264275,0.77307692,0.001621273,0.00062003,0.187268891
6761574,WWD,WOODWARD INC,0.031155855,-0.031733238,NASDAQ,-0.006015849,1.253780965,0.001621273,0.00062003,0.187268891
6608113,LII,LENNOX INTERNATIONAL INC,0.027509773,-0.026052239,NYSE,-0.004001061,0.776112649,0.001621273,0.00062003,0.187268891
70152668,LEA,LEAR CORP,0.019490981,-0.023743161,NYSE,0.000123546,1.175643605,0.001621273,0.00062003,0.187268891
26904818,NXST,NEXSTAR BROADCASTING GROUP-A,0.101706915,-0.079058824,NASDAQ,-0.010757855,1.334640546,0.001621273,0.00062003,0.187268891
29718938,WCG,WELLCARE HEALTH PLANS INC,0.038554779,-0.043,NYSE,-0.00663512,0.810865563,0.001621273,0.00062003,0.187268891
132717465,MUSA,MURPHY USA INC,0.024,-0.030205674,NYSE,-5.00166E-06,0.003908845,0.001621273,0.00062003,0.187268889
9541698,NTES,NETEASE INC-ADR,0.033282006,-0.031156466,NASDAQ,-0.007990992,1.121857046,0.001621273,0.00062003,0.187268891
10525507,SNP,CHINA PETROLEUM & CHEM-ADR,0.021237918,-0.020228267,NYSE,-0.004923669,1.544162196,0.001621273,0.00062003,0.187268891
6608072,JLL,JONES LANG LASALLE INC,0.037714693,-0.03561294,NYSE,-0.00833483,1.55970698,0.001621273,0.00062003,0.187268891
6630,DY,DYCOM INDUSTRIES INC,0.038157876,-0.03820563,NYSE,-0.007353535,1.42269443,0.001621273,0.00062003,0.187268891
2585501,KEX,KIRBY CORP,0.027,-0.027311713,NYSE,-0.007290192,1.12536143,0.001621273,0.00062003,0.187268891
272314,NDSN,NORDSON CORP,0.02786781,-0.025719185,NASDAQ,0.002812687,1.245765829,0.001621273,0.00062003,0.187268891
5147,BOH,BANK OF HAWAII CORP,0.024145978,-0.022490028,NYSE,-0.007993357,1.021511292,0.001621273,0.00062003,0.187268891
