Conid,Symbol,Name,BOG_TH,SOG_TH,Prime Exchange
265598,AAPL,APPLE,0.02268641,-0.027268965,NASDAQ
43661924,QQQ,POWERSHARES QQQ TST.SR.1,0.013672652,-0.016881017,NASDAQ
107113386,FB,FACEBOOK CLASS A,0.025038862,-0.027620553,NASDAQ
3691937,AMZN,AMAZON.COM,0.029741627,-0.025134898,NASDAQ
272093,MSFT,MICROSOFT,0.018449457,-0.018608813,NASDAQ
208813719,GOOGL,ALPHABET 'A',0.019084208,-0.022898577,NASDAQ
15124833,NFLX,NETFLIX,0.039814761,-0.034038302,NASDAQ
166090175,BABA,ALIBABA GROUP HLDG.SPN. ADR 1:1,0.02473201,-0.024198009,NYSE
13977,XOM,EXXON MOBIL,0.016985287,-0.017087868,NYSE
15547841,TLT,ISHARES 20+ YR.TRSY.BOND,0.008480533,-0.008915457,NASDAQ
1520593,JPM,JP MORGAN CHASE & CO.,0.033493169,-0.03175813,NYSE
76792991,TSLA,TESLA MOTORS,0.038864171,-0.03992,NASDAQ
269753,GILD,GILEAD SCIENCES,0.02101891,-0.023652174,NASDAQ
196610642,AGN,ALLERGAN DEAD - DELIST.17/03/15,0.022537709,-0.021703825,NYSE
79431711,VRX,VALEANT PHARMS. (NYS) INTL.,0.034,-0.039424284,NYSE
8719,JNJ,JOHNSON & JOHNSON,0.011026764,-0.012652898,NYSE
6459,DIS,WALT DISNEY,0.019890977,-0.018951599,NYSE
5684,CVX,CHEVRON,0.018289205,-0.019141256,NYSE
4651842,PCLN,PRICELINE GROUP,0.029759882,-0.028933768,NASDAQ
4901,VZ,VERIZON COMMUNICATIONS,0.015692343,-0.017964288,NYSE
9408,MCD,MCDONALDS,0.015132088,-0.015037849,NYSE
49462172,V,VISA 'A',0.027901533,-0.025886024,NYSE
11054,PG,PROCTER & GAMBLE,0.013,-0.014575332,NYSE
13824,WMT,WAL MART STORES,0.014362922,-0.014211941,NYSE
7930,HD,HOME DEPOT,0.023,-0.021089368,NYSE
267748,CMCSA,COMCAST 'A',0.023,-0.023785563,NASDAQ
8314,IBM,INTERNATIONAL BUS.MCHS.,0.015741787,-0.015426924,NYSE
4762,BA,BOEING,0.019311642,-0.021239442,NYSE
37655664,CMG,CHIPOTLE MEXN.GRILL,0.03348291,-0.030991649,NYSE
10291,NKE,NIKE 'B',0.020619331,-0.019806979,NYSE
4627828,GS,GOLDMAN SACHS GP.,0.028923466,-0.031811321,NYSE
12200,SLB,SCHLUMBERGER,0.024463138,-0.027262108,NYSE
273544,QCOM,QUALCOMM,0.021215651,-0.022758621,NASDAQ
70101545,MRK,MERCK & COMPANY,0.019,-0.020778718,NYSE
11517520,IBB,ISHARES NASDAQ BIOTECH. ETF,0.016088211,-0.020508792,NASDAQ
35359385,BIDU,BAIDU 'A' ADR 10:1,0.04215087,-0.038790514,NASDAQ
267455,CELG,CELGENE,0.024730778,-0.026924808,NASDAQ
274105,SBUX,STARBUCKS,0.026,-0.022383859,NASDAQ
266145,AMGN,AMGEN,0.018403561,-0.019641931,NASDAQ
26734397,BIIB,BIOGEN,0.025484846,-0.02263879,NASDAQ
611191,LMT,LOCKHEED MARTIN,0.016757225,-0.017718739,NYSE
5111,BMY,BRISTOL MYERS SQUIBB,0.018077244,-0.018787397,NYSE
118089500,ABBV,ABBVIE,0.020840436,-0.023183824,NYSE
233674866,CHTR,CHARTER COMMS.CL.A,0.024,-0.021368703,NASDAQ
13364,UTX,UNITED TECHNOLOGIES,0.016,-0.017185121,NYSE
221033377,AVGO,BROADCOM,0.024395493,-0.026440545,NASDAQ
2585769,CVS,CVS HEALTH,0.019610169,-0.020839744,NYSE
11017,PEP,PEPSICO,0.013208955,-0.013665691,NYSE
49588376,PM,PHILIP MORRIS INTL.,0.018738596,-0.019494024,NYSE
61319701,AIG,AMERICAN INTL.GP.,0.081000179,-0.077583018,NYSE
13272,UNH,UNITEDHEALTH GROUP,0.02592283,-0.027150041,NYSE
13284,UNP,UNION PACIFIC,0.02383374,-0.024309735,NYSE
6437,TGT,TARGET,0.024962056,-0.02270692,NYSE
5437,CAT,CATERPILLAR,0.022,-0.025519013,NYSE
181387075,MDT,MEDTRONIC,0.017,-0.017403087,NYSE
6522,DOW,DOW CHEMICAL,0.024627927,-0.027753363,NYSE
4818054,SHPG,SHIRE SPN.ADR 1:3,0.017609645,-0.019166023,NASDAQ
38685693,MA,MASTERCARD,0.031494876,-0.029812081,NYSE
88259585,LNKD,LINKEDIN CLASS A,0.035040643,-0.03681837,NYSE
9769,MO,ALTRIA GROUP,0.014205258,-0.015610218,NYSE
9199,LOW,LOWE'S COMPANIES,0.026,-0.022021097,NYSE
10523297,MON,MONSANTO,0.026825845,-0.026953932,NYSE
13497,VLO,VALERO ENERGY,0.027944431,-0.033734367,NYSE
59085966,TWX,TIME WARNER,0.023292326,-0.021000718,NYSE
178634687,WBA,WALGREENS BOOTS ALLIANCE,0.020629213,-0.01884127,NASDAQ
273733,REGN,REGENERON PHARMS.,0.041555354,-0.036771031,NASDAQ
4721,AXP,AMERICAN EXPRESS,0.032560995,-0.031285714,NYSE
272997,COST,COSTCO WHOLESALE,0.017851772,-0.017583588,NASDAQ
3142097,PXD,PIONEER NTRL.RES.,0.031888889,-0.032844749,NYSE
72539702,TQQQ,PROSHARES ULTRAPRO QQQ,0.029845697,-0.039443939,NASDAQ
9720,MMM,3M,0.014919396,-0.016648649,NYSE
4350,HON,HONEYWELL INTL.,0.018607878,-0.020560035,NYSE
9160,LLY,ELI LILLY,0.015997999,-0.017269677,NYSE
13096,TXN,TEXAS INSTRUMENTS,0.022610288,-0.020841497,NASDAQ
105430010,ESRX,EXPRESS SCRIPTS HOLDING,0.023423114,-0.024193016,NASDAQ
29624264,CRM,SALESFORCE.COM,0.035410211,-0.031985907,NYSE
275085,TEVA,TEVA PHARM.INDS.ADR 1:1,0.018971976,-0.019082951,NYSE
10880,OXY,OCCIDENTAL PTL.,0.024,-0.026459802,NYSE
77791077,NXPI,NXP SEMICONDUCTORS,0.037035363,-0.033592845,NASDAQ
11070844,AET,AETNA,0.028600964,-0.029149115,NYSE
6890,EOG,EOG RES.,0.027893954,-0.029050056,NYSE
16454492,WYNN,WYNN RESORTS,0.041664292,-0.039673185,NASDAQ
9657,MCK,MCKESSON,0.018186056,-0.021265955,NYSE
6231002,UPS,UNITED PARCEL SER.'B',0.016151834,-0.016508588,NYSE
74866700,LYB,LYONDELLBASELL INDS.CL.A,0.024301205,-0.029647773,NYSE
67889930,ACN,ACCENTURE CLASS A,0.020120469,-0.021263434,NYSE
79498203,UAL,UNITED CONTINENTAL HDG.,0.058479675,-0.061654442,NYSE
6393,DE,DEERE,0.026869919,-0.027511622,NYSE
3206042,YUM,YUM! BRANDS,0.021046795,-0.019542373,NYSE
6366,DD,E I DU PONT DE NEMOURS,0.019784147,-0.021073857,NYSE
265768,ADBE,ADOBE SYSTEMS,0.023664987,-0.023599346,NASDAQ
199169586,KHC,KRAFT HEINZ,0.015463428,-0.017744692,NASDAQ
268995,EA,ELECTRONIC ARTS,0.029286988,-0.026572447,NASDAQ
5100583,FDX,FEDEX,0.021248282,-0.021747054,NYSE
105669270,PSX,PHILLIPS 66,0.021,-0.021304215,NYSE
98542021,EXPE,EXPEDIA,0.03209579,-0.029985666,NASDAQ
110619459,PANW,PALO ALTO NETWORKS,0.030757635,-0.033100068,NYSE
6442,DHR,DANAHER,0.017620487,-0.017167413,NYSE
2009113,SPG,SIMON PROPERTY GROUP,0.036753999,-0.033782283,NYSE
110176011,DUK,DUKE ENERGY,0.013,-0.015913758,NYSE
9358,MAR,MARRIOTT INTL.'A',0.028724239,-0.026187645,NASDAQ
140067524,PRGO,PERRIGO,0.023080337,-0.022685699,NYSE
4728759,CTSH,COGNIZANT TECH.SLTN.'A',0.025068738,-0.027134446,NASDAQ
4726176,ALXN,ALEXION PHARMS.,0.029320431,-0.027757876,NASDAQ
75960201,NEE,NEXTERA ENERGY,0.017099945,-0.017940689,NYSE
181764593,EQIX,EQUINIX,0.031,-0.029100928,NASDAQ
12814,TJX,TJX,0.023,-0.020391661,NYSE
11758,RTN,RAYTHEON 'B',0.016835823,-0.016359416,NYSE
39118796,HES,HESS,0.030041376,-0.032355581,NYSE
70212228,DG,DOLLAR GENERAL,0.01907281,-0.018972597,NYSE
8864,KMB,KIMBERLY-CLARK,0.01222742,-0.01306112,NYSE
5941,COF,CAPITAL ONE FINL.,0.049993711,-0.040625372,NYSE
173962302,ANTM,ANTHEM,0.02437587,-0.023585833,NYSE
4726021,SWKS,SKYWORKS SOLUTIONS,0.033524738,-0.035545254,NASDAQ
5049,BLK,BLACKROCK,0.031469155,-0.028609453,NYSE
275405,TSN,TYSON FOODS 'A',0.027993789,-0.02911713,NYSE
12869,TMO,THERMO FISHER SCIENTIFIC,0.019358565,-0.020666667,NYSE
7496,GD,GENERAL DYNAMICS,0.017,-0.018523689,NYSE
8251,HUM,HUMANA,0.031,-0.029517711,NYSE
85076790,HCA,HCA HOLDINGS,0.025594595,-0.030511981,NYSE
5749,CL,COLGATE-PALM.,0.013577149,-0.013839349,NYSE
276066,STZ,CONSTELLATION BRANDS 'A',0.023282675,-0.023078556,NYSE
9869443,ILMN,ILLUMINA,0.035779783,-0.031677019,NASDAQ
37083548,CBS,CBS 'B',0.034120275,-0.033478549,NYSE
38734858,HOT,STARWOOD H&R.WORLDWIDE,0.037910087,-0.03160904,NYSE
11520,RCL,ROYAL CARIBBEAN CRUISES,0.037844193,-0.039035088,NYSE
6207,CMI,CUMMINS,0.034071607,-0.032449406,NYSE
12120,SHW,SHERWIN-WILLIAMS,0.023,-0.020114272,NYSE
11240,PNC,PNC FINL.SVS.GP.,0.036814433,-0.034097833,NYSE
7616,GIS,GENERAL MILLS,0.012719062,-0.013073794,NYSE
10376,NOC,NORTHROP GRUMMAN,0.01682469,-0.017479884,NYSE
218939694,CB,CHUBB DEAD - DELIST.14/01/16,0.023732262,-0.021976378,NYSE
1714996,ABC,AMERISOURCEBERGEN,0.018299357,-0.019501878,NYSE
6327,D,DOMINION RESOURCES,0.014626883,-0.015856673,NYSE
46970422,ULTA,ULTA SALON CO&FRA.,0.046870968,-0.041978495,NASDAQ
136370275,ICE,INTERCONTINENTAL EX.,0.039763469,-0.039646672,NYSE
6842,EMR,EMERSON ELECTRIC,0.020484536,-0.020736619,NYSE
82457808,ORLY,O REILLY AUTOMOTIVE,0.023555556,-0.020049437,NASDAQ
4750,AZO,AUTOZONE,0.020508107,-0.01815625,NYSE
2467215,STJ,ST.JUDE MEDICAL,0.021028531,-0.021286858,NYSE
99831145,AMT,AMERICAN TOWER,0.023024451,-0.024030675,NYSE
12002,PSA,PUBLIC STORAGE,0.031063142,-0.026738657,NYSE
5702,CI,CIGNA,0.034322907,-0.032514846,NYSE
45182651,CXO,CONCHO RESOURCES,0.04085336,-0.039031008,NYSE
9063285,ISRG,INTUITIVE SURGICAL,0.031216661,-0.028468953,NASDAQ
176571182,CCI,CROWN CASTLE INTL.,0.027,-0.026797496,NYSE
271308,LRCX,LAM RESEARCH,0.030086141,-0.027528053,NASDAQ
49388062,DLTR,DOLLAR TREE,0.025,-0.02324203,NASDAQ
13865082,PRU,PRUDENTIAL FINL.,0.047735233,-0.048316808,NYSE
61481454,BUD,ANHEUSER-BUSCH INBEV SPN.ADR 1:1,0.013552848,-0.012665565,NYSE
125005718,LB,L BRANDS,0.031088423,-0.027366197,NYSE
4487,APD,AIR PRDS.& CHEMS.,0.019762238,-0.019704618,NYSE
196986496,MNST,MONSTER BEVERAGE,0.039,-0.035448808,NASDAQ
9541698,NTES,NETEASE ADR 1:25,0.0331286,-0.031199923,NASDAQ
13011,TSO,TESORO,0.035320238,-0.037230232,NYSE
33191300,TAP,MOLSON COORS BREWING 'B',0.019011338,-0.019647796,NYSE
43150617,TRV,TRAVELERS COS.,0.025845261,-0.022723487,NYSE
275850,VRTX,VERTEX PHARMS.,0.035819482,-0.034026178,NASDAQ
4211,AEP,AMER.ELEC.PWR.,0.015342648,-0.018111841,NYSE
5407,CAH,CARDINAL HEALTH,0.017932536,-0.019432019,NYSE
12362013,ADS,ALLIANCE DATA SYSTEMS,0.028036134,-0.030330882,NYSE
53747825,SIG,SIGNET JEWELERS,0.030013699,-0.024461538,NYSE
2730980,STT,STATE STREET,0.04,-0.039179342,NYSE
44652220,DFS,DISCOVER FINANCIAL SVS.,0.042318486,-0.041191657,NYSE
118017869,ETN,EATON,0.022,-0.022945412,NYSE
97478493,DLPH,DELPHI AUTOMOTIVE,0.018867163,-0.021801177,NYSE
14025,FL,FOOT LOCKER,0.030014293,-0.03094208,NYSE
8101142,EW,EDWARDS LIFESCIENCES,0.02,-0.018936061,NYSE
207739931,HCN,WELLTOWER,0.022,-0.025231876,NYSE
273939,ROST,ROSS STORES,0.024109067,-0.02163024,NASDAQ
8620,ITW,ILLINOIS TOOL WORKS,0.019,-0.019055203,NYSE
12851783,ZBH,ZIMMER BIOMET HDG.,0.019254545,-0.019691241,NYSE
4027,AAP,ADV.AUTO PARTS,0.024422018,-0.021676787,NYSE
8758,K,KELLOGG,0.012952218,-0.013611521,NYSE
4661,ADP,AUTOMATIC DATA PROC.,0.015061861,-0.016412997,NASDAQ
2586035,PCG,PG&E,0.01637343,-0.016331658,NYSE
4886,BDX,BECTON DICKINSON,0.014,-0.0152692,NYSE
4430948,SYK,STRYKER,0.016892715,-0.019113366,NYSE
270662,INTU,INTUIT,0.020351,-0.018328288,NASDAQ
13440,VFC,V F,0.021864604,-0.022076706,NYSE
8794522,NVS,NOVARTIS 'B' SPN.ADR 1:1,0.0103695,-0.012066927,NYSE
13751,WHR,WHIRLPOOL,0.030873193,-0.030252056,NYSE
11295,PPG,PPG INDUSTRIES,0.019561605,-0.019777778,NYSE
45127739,CME,CME GROUP,0.030950138,-0.030964625,NASDAQ
31832526,DLR,DIGITAL REALTY TST.,0.029240254,-0.030789298,NYSE
6691,ED,CONSOLIDATED EDISON,0.012,-0.013664266,NYSE
4044062,VTR,VENTAS,0.030269378,-0.03709878,NYSE
6857447,BMRN,BIOMARIN PHARM.,0.034176477,-0.032628399,NASDAQ
38285434,TDG,TRANSDIGM GROUP,0.027,-0.0264677,NYSE
2586156,KMX,CARMAX,0.034984816,-0.033470085,NYSE
6917,EQR,EQUITY RESD.TST.PROPS. SHBI,0.037,-0.03314053,NYSE
11450,PX,PRAXAIR,0.020099001,-0.018998059,NYSE
13878278,CNC,CENTENE,0.032,-0.035076648,NYSE
45157951,LULU,LULULEMON ATHLETICA,0.04614446,-0.04567691,NASDAQ
1448477,EL,ESTEE LAUDER COS.'A',0.021412698,-0.019809524,NYSE
57755168,MJN,MEAD JOHNSON NUTRITION,0.021,-0.019394908,NYSE
4357,ALL,ALLSTATE,0.027997275,-0.026377387,NYSE
5794,CLX,CLOROX,0.014395428,-0.014079074,NYSE
5026974,AVB,AVALONBAY COMMNS.,0.03317031,-0.03048513,NYSE
37866641,FIS,FIDELITY NAT.INFO.SVS.,0.022891997,-0.020336174,NYSE
7867,GWW,WW GRAINGER,0.019970556,-0.019120639,NYSE
10497,NSC,NORFOLK SOUTHERN,0.024394306,-0.025095665,NYSE
115324104,WDAY,WORKDAY CLASS A,0.031,-0.029446726,NYSE
8199,HSY,HERSHEY,0.016750568,-0.014751606,NYSE
4227,AFL,AFLAC,0.032,-0.034991044,NYSE
129166805,MNK,MALLINCKRODT,0.033718005,-0.037157442,NYSE
41622169,FSLR,FIRST SOLAR,0.048739033,-0.042812684,NASDAQ
98542026,TRIP,TRIPADVISOR 'A',0.030746269,-0.02897925,NASDAQ
12791,TIF,TIFFANY & CO,0.029488059,-0.027506385,NYSE
6682,ECL,ECOLAB,0.016814208,-0.017116424,NYSE
11094,PH,PARKER-HANNIFIN,0.022360924,-0.023607525,NYSE
109911821,NOW,SERVICENOW,0.034044406,-0.034626482,NYSE
11477774,GPN,GLOBAL PAYMENTS,0.019165631,-0.022783133,NYSE
10811,OMC,OMNICOM GROUP,0.01784605,-0.018403775,NYSE
11899,EIX,EDISON INTL.,0.016509773,-0.018769585,NYSE
13432503,CP,CANADIAN PAC.RY. (NYS),0.025172653,-0.024169139,NYSE
13379,WM,WASTE MANAGEMENT,0.016941893,-0.01862111,NYSE
3629755,URI,UNITED RENTALS,0.041367489,-0.044658635,NYSE
4157,ADI,ANALOG DEVICES,0.022520345,-0.021447462,NASDAQ
11020,SRE,SEMPRA EN.,0.01655814,-0.017595101,NYSE
85548741,TEL,TE CONNECTIVITY,0.030262521,-0.026092593,NYSE
4172987,CHKP,CHECK POINT SFTW.TECHS.,0.021518536,-0.020857143,NASDAQ
57698865,EQT,EQT,0.026758065,-0.026958213,NYSE
15130038,SJM,J M SMUCKER,0.014954704,-0.015798286,NYSE
9705,MMC,MARSH & MCLENNAN,0.02479071,-0.018374656,NYSE
267475,CERN,CERNER,0.024808383,-0.022704298,NASDAQ
8949,KSU,KANSAS CITY SOUTHERN,0.03,-0.031408134,NYSE
4369855,INCY,INCYTE,0.044282528,-0.044337349,NASDAQ
48410287,DISH,DISH NETWORK 'A',0.030015936,-0.028322835,NASDAQ
92306678,RL,RALPH LAUREN CL.A,0.02807874,-0.026713405,NYSE
661440,DRI,DARDEN RESTAURANTS,0.026952413,-0.024484064,NYSE
1767080,CTXS,CITRIX SYS.,0.025402778,-0.025947319,NASDAQ
272992,PCAR,PACCAR,0.026818182,-0.026502994,NASDAQ
105316759,AON,AON CLASS A,0.020270073,-0.017206302,NYSE
45642839,VMW,VMWARE,0.037169708,-0.038416334,NYSE
35970258,AMP,AMERIPRISE FINL.,0.035307953,-0.036513369,NYSE
16191746,XEC,CIMAREX EN.,0.029888023,-0.031560116,NYSE
73354293,SWK,STANLEY BLACK & DECKER,0.022787279,-0.021124905,NYSE
9690,MLM,MARTIN MRTA.MATS.,0.03103179,-0.026798543,NYSE
272942,PAYX,PAYCHEX,0.016939638,-0.016728814,NASDAQ
8097,HP,HELMERICH & PAYNE,0.031632337,-0.03418638,NYSE
50860546,DPS,DR PEPPER SNAPPLE GROUP,0.021608426,-0.020798907,NYSE
61440265,IR,INGERSOLL-RAND,0.025121406,-0.027716576,NYSE
49954154,ACWI,ISHARES MSCI ACWI ETF,0.014751923,-0.020798866,NASDAQ
5052,BLL,BALL,0.019283714,-0.019681542,NYSE
6220356,AKAM,AKAMAI TECHS.,0.032543478,-0.031655172,NASDAQ
10672,O,REALTY INCOME,0.027608229,-0.028289216,NYSE
5980,CPB,CAMPBELL SOUP,0.014753452,-0.014010633,NYSE
6497,MCO,MOODY'S,0.034,-0.032834356,NYSE
217947855,WLTW,WILLIS TOWERS WATSON,0.021660022,-0.023054385,NASDAQ
6478100,SRCL,STERICYCLE,0.02,-0.018338894,NASDAQ
229629397,SPGI,S&P GLOBAL,0.027058824,-0.028331335,NYSE
5090107,RHT,RED HAT,0.030105263,-0.027117407,NYSE
6246667,SBAC,SBA COMMS.,0.030928169,-0.030595813,NASDAQ
4352,ALK,ALASKA AIR GROUP,0.038235885,-0.035853507,NYSE
265681,ADSK,AUTODESK,0.027322718,-0.028384175,NASDAQ
96079833,LVLT,LEVEL 3 COMMS.,0.058905983,-0.049402685,NYSE
611242,PII,POLARIS INDUSTRIES,0.031730539,-0.030560947,NYSE
198560237,WEC,WEC ENERGY GROUP,0.013962355,-0.014497804,NYSE
13838371,AYI,ACUITY BRANDS,0.028847874,-0.027395904,NYSE
661507,LH,LABORATORY CORP.OF AM. HDG.,0.01565945,-0.016778753,NYSE
269315,FISV,FISERV,0.018,-0.017421889,NASDAQ
13515,VMC,VULCAN MATERIALS,0.03405566,-0.02916874,NYSE
275321,TROW,T ROWE PRICE GROUP,0.030906307,-0.0304,NASDAQ
50530752,AWK,AMERICAN WATER WORKS,0.017819057,-0.021643653,NYSE
36320731,CHRW,CH ROBINSON WWD.,0.022663922,-0.0212086,NASDAQ
204429726,NLSN,NIELSEN,0.021,-0.016367208,NYSE
81581011,MSI,MOTOROLA SOLUTIONS,0.028308055,-0.029328851,NYSE
2585323,MTB,M&T BANK,0.032,-0.030330949,NYSE
30351205,EXR,EXTRA SPACE STRG.,0.031175908,-0.031505618,NYSE
81835582,FLT,FLEETCOR TECHNOLOGIES,0.022175496,-0.022077886,NYSE
32618459,HLF,HERBALIFE,0.035567112,-0.040056417,NYSE
29831612,DPZ,DOMINO'S PIZZA,0.032363339,-0.031780401,NYSE
271967,MHK,MOHAWK INDUSTRIES,0.031687737,-0.027543779,NYSE
90794895,PVH,PVH,0.031511832,-0.030125958,NYSE
6248713,FFIV,F5 NETWORKS,0.03386389,-0.029827304,NASDAQ
4347,ALB,ALBEMARLE,0.026619926,-0.027748958,NYSE
11697,ROK,ROCKWELL AUTOMATION,0.024934513,-0.025218695,NYSE
4851,BCR,C R BARD,0.016,-0.015122379,NYSE
115441080,FANG,DIAMONDBACK ENERGY,0.035,-0.033239553,NASDAQ
6969,ETR,ENTERGY,0.016803597,-0.018419043,NYSE
224225737,XRAY,DENTSPLY SIRONA,0.018507246,-0.018,NASDAQ
100430853,JAZZ,JAZZ PHARMACEUTICALS,0.103808511,-0.068954809,NASDAQ
6946,ESS,ESSEX PROPERTY TST.,0.028,-0.027258256,NYSE
40021002,WYN,WYNDHAM WORLDWIDE,0.052237569,-0.043964427,NYSE
6477985,PNRA,PANERA BREAD 'A',0.027790335,-0.023461538,NASDAQ
6858322,TSCO,TRACTOR SUPPLY,0.026767604,-0.025170847,NASDAQ
754956,HAS,HASBRO,0.023043053,-0.021762908,NASDAQ
2585629,ROP,ROPER TECHNOLOGIES,0.022346912,-0.0215,NYSE
182880167,ES,ENERGYSOLUTIONS DEAD - DELIST.28/05/13,0.05154185,-0.065125604,NYSE
105955748,SPLK,SPLUNK,0.033432709,-0.040714198,NASDAQ
6517,DOV,DOVER,0.022121313,-0.021464874,NYSE
5021340,BXP,BOSTON PROPERTIES,0.032876939,-0.032766244,NYSE
5651,CHD,CHURCH & DWIGHT CO.,0.014260081,-0.016078837,NYSE
70152668,LEA,LEAR,0.019535573,-0.023863109,NYSE
5019164,WSM,WILLIAMS-SONOMA,0.0363125,-0.03143667,NYSE
13206,UHS,UNIVERSAL HEALTH SVS.'B',0.024095238,-0.023626689,NYSE
127670820,DATA,TABLEAU SOFTWARE CL.A,0.034019445,-0.03767225,NYSE
272565,NTRS,NORTHERN TRUST,0.026924433,-0.028109096,NASDAQ
6585,DTE,DTE ENERGY,0.014345121,-0.016070909,NYSE
6607470,AMG,AFFILIATED MANAGERS,0.033347272,-0.033966533,NYSE
1035459,DVA,DAVITA HEALTHCARE PTNS.,0.020152411,-0.018684211,NYSE
15468463,GOLD,RANDGOLD RES.ADS ADR 1:1,0.030772397,-0.02995417,NASDAQ
6832,EMN,EASTMAN CHEMICAL,0.023262295,-0.023765432,NYSE
270957,KLAC,KLA TENCOR,0.025893971,-0.024102041,NASDAQ
6608473,SLG,SL GREEN REALTY,0.06,-0.048266783,NYSE
9322,MAC,MACERICH,0.056733339,-0.050695072,NYSE
70363037,VCSH,VANGD.SHORT-TERM CBD.ETF,0.001,-0.002185933,NASDAQ
104791597,VNTV,VANTIV CLASS A,0.019121008,-0.01957803,NYSE
26796053,BWLD,BUFFALO WILD WINGS,0.032471154,-0.03123315,NASDAQ
179002152,QRVO,QORVO,0.043,-0.041713449,NASDAQ
3804335,SAP,SAP AE ADR 1:1,0.015140055,-0.01581429,NYSE
10611,NVO,NOVO NORDISK 'B' ADR 1:1,0.013533627,-0.014168581,NYSE
13535,VNO,VORNADO REALTY TRUST,0.035254041,-0.036391645,NYSE
27059190,TPX,TEMPUR SEALY INTL.,0.04720084,-0.042041451,NYSE
6735,EFX,EQUIFAX,0.018320672,-0.017838868,NYSE
8160,HRS,HARRIS,0.021,-0.024274388,NYSE
94078796,FBHS,FORTUNE BNS.HM.& SCTY.,0.027389034,-0.023643216,NYSE
115353758,ICPT,INTERCEPT PHARMS.,0.060020115,-0.052777972,NASDAQ
6746357,UTHR,UNITED THERAPEUTICS,0.026868081,-0.025692324,NASDAQ
153068487,PNR,PENTAIR,0.022770292,-0.023393545,NYSE
2459465,DGX,QUEST DIAGNOSTICS,0.017,-0.018382603,NYSE
4173050,VRSN,VERISIGN,0.029127262,-0.024858177,NASDAQ
235248586,WCN,WASTE CONNECTIONS DEAD - ACQD.BY 15439K,0.01952919,-0.01819932,NYSE
7896,HAR,HARMAN INTL.INDS.,0.037346686,-0.032490119,NYSE
135699190,BURL,BURLINGTON STORES,0.027442851,-0.027478616,NYSE
117902840,ASML,ASML HLDG.ADR 1:1,0.021139974,-0.020724382,NASDAQ
12844443,BG,BUNGE,0.029232037,-0.031324469,NYSE
3655640,HSIC,HENRY SCHEIN,0.017349699,-0.01631107,NASDAQ
12259,SNA,SNAP-ON,0.022,-0.02126944,NYSE
6477855,LLL,L3 COMMUNICATIONS HDG.,0.017,-0.017781476,NYSE
4493,APH,AMPHENOL 'A',0.02327907,-0.022918743,NYSE
2585438,AGU,AGRIUM (NYS),0.030114097,-0.033207101,NYSE
7788,DEO,DIAGEO SPN.ADR 1:4,0.011686858,-0.012362519,NYSE
51782225,SNI,SCRIPPS NETWORKS INTACT. 'A',0.027035839,-0.02729475,NASDAQ
127284359,Q,QUINTILES TRNAT.HDG.,0.017046972,-0.018580682,NYSE
7361,FRT,FEDERAL REALTY INV.TST.,0.030607906,-0.028702469,NYSE
28488706,SBNY,SIGNATURE BANK,0.03134811,-0.027772989,NASDAQ
47619244,N,NETSUITE,0.052,-0.044621395,NYSE
661633,WAB,WABTEC,0.028351254,-0.027896628,NYSE
4528615,AN,AUTONATION,0.0417663,-0.031566804,NYSE
271556,MKC,MCCORMICK & COMPANY NV.,0.013105263,-0.01430303,NYSE
108773515,PDCE,PDC ENERGY,0.042891675,-0.041731989,NASDAQ
12588744,COL,ROCKWELL COLLINS,0.018977941,-0.019268264,NYSE
13394,VAL,VALSPAR,0.022397118,-0.02007686,NYSE
274385,SIVB,SVB FINANCIAL GROUP,0.031,-0.029766761,NASDAQ
5754,CLB,CORE LABORATORIES,0.029190206,-0.029441021,NYSE
26593783,CRI,CARTER'S,0.030208289,-0.028346437,NYSE
270825,JBHT,HUNT JB TRANSPORT SVS.,0.026622862,-0.024184892,NASDAQ
34563763,THS,TREEHOUSE FOODS,0.023876106,-0.024095057,NYSE
7745,GPC,GENUINE PARTS,0.016720148,-0.017118676,NYSE
2008980,RY,RYL.BK.OF CANADA MNL.COM.(NYS),0.018145695,-0.021910616,NYSE
29380756,NDAQ,NASDAQ,0.037133333,-0.03350902,NASDAQ
21555838,MMP,MAGELLAN MIDSTREAM PTNS. UTS.,0.022755354,-0.02638676,NYSE
8385,IFF,INTL.FLAVORS & FRAG.,0.017557666,-0.017549432,NYSE
7740411,PKG,PACKAGING CORP.OF AM.,0.023980695,-0.025921998,NYSE
4457163,CNI,CANADIAN NAT.RY. (NYS),0.019735776,-0.021988483,NYSE
1448494,WAT,WATERS,0.0215005,-0.019587083,NYSE
70363051,VCIT,VANGD.INTM.-TERM CBD.ETF,0.002876007,-0.004572586,NASDAQ
100547520,POST,POST HOLDINGS,0.029660808,-0.023906752,NYSE
137497719,WUBA,58 COM CL.A ADR 1:2,0.062315574,-0.042224142,NYSE
6477825,JACK,JACK IN THE BOX,0.027873609,-0.026768227,NASDAQ
28861260,STMP,STAMPS.COM,0.038638932,-0.034288136,NASDAQ
33837089,DXCM,DEXCOM,0.059,-0.04655529,NASDAQ
29442968,ALNY,ALNYLAM PHARMACEUTICALS,0.042370995,-0.041159369,NASDAQ
268149,CTAS,CINTAS,0.020099762,-0.017452315,NASDAQ
5960,COO,COOPER COS.,0.02513803,-0.026791444,NYSE
81731135,FRC,FIRST REPUBLIC BANK,0.017807756,-0.017992552,NYSE
69293559,VRSK,VERISK ANALYTICS CL.A,0.017877975,-0.014727052,NASDAQ
4817352,RMD,RESMED,0.021173469,-0.019741935,NYSE
11902,SCG,SCANA,0.014098449,-0.015903199,NYSE
107051249,INGR,INGREDION,0.027258652,-0.029841046,NYSE
69238858,FNV,FRANCO NEVADA (NYS),0.031023763,-0.029395804,NYSE
6477908,MTD,METTLER TOLEDO INTL.,0.020623549,-0.019957868,NYSE
13400,VAR,VARIAN MEDICAL SYSTEMS,0.020693346,-0.023060451,NYSE
32943358,CE,CELANESE 'A',0.03255814,-0.036242345,NYSE
4726278,AMSG,AMSURG,0.024150706,-0.025666255,NASDAQ
9317,MAA,MID-AMER.APT COMMUNITIES,0.031391231,-0.028766693,NYSE
11257,PNW,PINNACLE WEST CAP.,0.014743808,-0.016739241,NYSE
6477725,RE,EVEREST RE GP.,0.020824137,-0.020150086,NYSE
9355,MAN,MANPOWERGROUP,0.026,-0.027273474,NYSE
6630,DY,DYCOM INDS.,0.038469334,-0.038492663,NYSE
270413,IDXX,IDEXX LABORATORIES,0.023490879,-0.020499756,NASDAQ
10802095,SYT,SYNGENTA SPN.ADR 5:1,0.016896017,-0.017563444,NYSE
4694,AVY,AVERY DENNISON,0.021,-0.020543614,NYSE
4083812,GRA,W R GRACE,0.051412927,-0.04373028,NYSE
2746144,ALV,AUTOLIV,0.021172185,-0.024948393,NYSE
79565601,VC,VISTEON,0.02339482,-0.026346976,NYSE
12225,AOS,SMITH (AO),0.028,-0.025655114,NYSE
611070,ASH,ASHLAND,0.03185994,-0.034844808,NYSE
129348123,BLUE,BLUEBIRD BIO,0.054431373,-0.057994181,NASDAQ
45602025,MELI,MERCADOLIBRE,0.053583572,-0.046674487,NASDAQ
196179389,EPC,EDGEWELL PERSONAL CARE,0.023525402,-0.02160561,NYSE
265655,ABMD,ABIOMED,0.037827738,-0.037803653,NASDAQ
179340941,TREE,LENDINGTREE,0.073,-0.059380952,NASDAQ
153912055,ANET,ARISTA NETWORKS,0.034579243,-0.038546421,NYSE
19012089,MOH,MOLINA HEALTHCARE,0.031125942,-0.033650538,NYSE
46128135,ATHN,ATHENAHEALTH,0.039554992,-0.037834118,NASDAQ
89596984,CAVM,CAVIUM,0.041339898,-0.037058736,NASDAQ
4817403,RGLD,ROYAL GOLD,0.032329193,-0.031316832,NASDAQ
6608072,JLL,JONES LANG LASALLE,0.038,-0.035826087,NYSE
267265,CASY,CASEY'S GENERAL STORES,0.024146703,-0.023358209,NASDAQ
47101335,MSCI,MSCI,0.035,-0.036405077,NYSE
45161769,WBC,WABCO HOLDINGS,0.032531515,-0.033908896,NYSE
109979708,TSRO,TESARO,0.051575406,-0.044631155,NASDAQ
6608113,LII,LENNOX INTL.,0.027804185,-0.026160772,NYSE
11574,REG,REGENCY CENTERS,0.034902849,-0.032641026,NYSE
11656,RJF,RAYMOND JAMES FINL.,0.034647953,-0.033734401,NYSE
6607487,ARE,ALEXANDRIA RLST.EQTIES.,0.031386804,-0.030680569,NYSE
211003293,STE,STERIS,0.021409836,-0.021561169,NYSE
11478,R,RYDER SYSTEM,0.027953216,-0.026843299,NYSE
89520835,AMCX,AMC NETWORKS CL.A,0.025753388,-0.024794452,NASDAQ
6858367,ULTI,ULTIMATE SOFTWARE GP.,0.031,-0.027488073,NASDAQ
156953397,KITE,KITE PHARMA,0.059156107,-0.049698341,NASDAQ
11459264,ALGN,ALIGN TECHNOLOGY,0.037664461,-0.034995526,NASDAQ
53224215,AAXJ,ISHARES MSCI ALL CTRY. AI.EX JAP.ETF,0.018,-0.02757207,NASDAQ
86766111,ELLI,ELLIE MAE,0.041570552,-0.040323301,NYSE
96983623,ACHC,ACADIA HEALTHCARE CO.,0.030171717,-0.03605466,NASDAQ
53145883,IAC,IAC/INTERACTIVECORP,0.023,-0.022186778,NASDAQ
75103410,SIX,SIX FLAGS ENTM.,0.022,-0.021254719,NYSE
2006458,BAP,CREDICORP,0.026637993,-0.025774654,NYSE
29718938,WCG,WELLCARE HEALTH PLANS,0.038833139,-0.04332915,NYSE
56884113,MD,MEDNAX,0.024351878,-0.022330407,NYSE
181150075,OA,ORBITAL ATK,0.018823529,-0.020312853,NYSE
275241,TM,TOYOTA MOTOR ADR 1:2,0.012237023,-0.016948489,NYSE
13116,TYL,TYLER TECHNOLOGIES,0.026,-0.023898305,NYSE
36206901,WBMD,WEBMD HEALTH,0.044121172,-0.034851064,NASDAQ
14241431,SYNA,SYNAPTICS,0.036853362,-0.036150299,NASDAQ
6004,CPT,CAMDEN PROPERTY TST.,0.034288256,-0.032178108,NYSE
12750,TFX,TELEFLEX,0.018,-0.018984476,NYSE
117636259,YY,YY ADR 1:20,0.04810566,-0.046327354,NASDAQ
1847145,FDS,FACTSET RESEARCH SYS.,0.021,-0.024310673,NYSE
56483316,CBRL,CRACKER BARREL OLD CTRY. STORE,0.030851852,-0.026745163,NASDAQ
5610,CFR,CULLEN FO.BANKERS,0.024,-0.022863335,NYSE
27727424,AIZ,ASSURANT,0.028110454,-0.031704918,NYSE
43523793,BR,BROADRIDGE FINL.SLTN.,0.028399067,-0.02355665,NYSE
27267807,EXP,EAGLE MATERIALS,0.034961631,-0.033325905,NYSE
4814876,MIDD,MIDDLEBY,0.032335878,-0.02817941,NASDAQ
86033355,HII,HNTGTN.INGALLS INDS.,0.021,-0.017707781,NYSE
276304,ZBRA,ZEBRA TECHNOLOGIES 'A',0.023689942,-0.023139403,NASDAQ
11735,RS,RELIANCE STEEL AND ALMN.,0.034,-0.033581921,NYSE
5513,CCK,CROWN HDG.,0.022639862,-0.022359781,NYSE
81026179,LGND,LIGAND PHARMS.'B',0.049809524,-0.049565657,NASDAQ
4814485,MANH,MANHATTAN ASSOCS.,0.026,-0.024621359,NASDAQ
138438437,ALLE,ALLEGION,0.017629295,-0.019496516,NYSE
83635951,PCRX,PACIRA PHARMACEUTICALS,0.04763118,-0.044807512,NASDAQ
128835017,BNDX,TOTAL INTERNATIONAL BOND ETF,0.001634441,-0.004034496,NASDAQ
2586162,MTN,VAIL RESORTS,0.034979798,-0.031722469,NYSE
4644,ATO,ATMOS ENERGY,0.01475815,-0.015939677,NYSE
5021349,FMX,FOM.ECO.MEXNO.SAB DE CV SPN.ADR 1:10,0.025420578,-0.024079137,NYSE
4816645,PLCE,CHILDRENS PLACE,0.034966611,-0.031398353,NASDAQ
267661,CINF,CINCINNATI FINL.,0.024507667,-0.025237439,NASDAQ
755864,NVR,NVR,0.03327336,-0.029527508,NYSE
5177,BPL,BUCKEYE PARTNERS,0.023449312,-0.02748538,NYSE
272667,ODFL,OLD DOMINION FGT.LINES,0.033,-0.030553347,NASDAQ
44963008,MIC,MACQUARIE INFRASTRUCTURE,0.073014862,-0.066019324,NYSE
4726368,ANSS,ANSYS,0.025600251,-0.02444341,NASDAQ
143541504,RARE,ULTRAGENYX PHARM.,0.054493584,-0.057668971,NASDAQ
126993722,GWPH,GW PHARMACEUTICALS ADR 1:12,0.061521657,-0.049759221,NASDAQ
167236260,CDK,CDK GLOBAL,0.029684036,-0.023957055,NASDAQ
4816201,OLED,UNIVERSAL DISPLAY,0.049058122,-0.041522419,NASDAQ
13793280,WOOF,VCA,0.02185056,-0.022764526,NASDAQ
271460,MKL,MARKEL,0.025,-0.024346513,NYSE
2008216,MSM,MSC INDL.DIRECT 'A',0.023184531,-0.023410944,NYSE
106001565,PFPT,PROOFPOINT,0.033778785,-0.040046322,NASDAQ
2585501,KEX,KIRBY,0.027006645,-0.027493724,NYSE
4457288,DOX,AMDOCS,0.02,-0.019767442,NASDAQ
2586128,KRC,KILROY REALTY,0.032255875,-0.032463768,NYSE
6390,DDS,DILLARDS 'A',0.052795918,-0.047371571,NYSE
98538357,JCOM,J2 GLOBAL,0.027106121,-0.027829699,NASDAQ
35418811,NGG,NAT.GRID ADR 1:5,0.013015859,-0.012243902,NYSE
12796138,HDB,HDFC BANK ADR 1:3,0.028369576,-0.028760255,NYSE
268376,DECK,DECKERS OUTDOOR,0.037584103,-0.036056656,NYSE
6120,CSL,CARLISLE COS.,0.022586118,-0.022818182,NYSE
5022638,CHL,CHINA MOBILE SPN.ADR 1:5,0.016868443,-0.020198653,NYSE
274027,SAFM,SANDERSON FARMS,0.03225641,-0.027723885,NASDAQ
5094,BMO,BANK OF MONTREAL (NYS),0.018207093,-0.024535714,NYSE
8885958,SINA,SINA,0.041367014,-0.036625961,NASDAQ
267192,CACC,CREDIT ACCEP.,0.049,-0.043339464,NASDAQ
1717101,TUP,TUPPERWARE BRANDS,0.026779006,-0.027392857,NYSE
6608665,WCC,WESCO INTL.,0.030402359,-0.032113611,NYSE
31918430,MKTX,MARKETAXESS HOLDINGS,0.048818182,-0.04441791,NASDAQ
12856,TMK,TORCHMARK,0.028772951,-0.027739924,NYSE
2730877,CRL,CHAS.RVR.LABS.INTL.,0.021896338,-0.022318933,NYSE
6737,PKI,PERKINELMER,0.020802432,-0.02319685,NYSE
210918190,RYAAY,RYANAIR SPN.ADR 1:5,0.026901473,-0.02509239,NASDAQ
174076715,LAMR,LAMAR ADVERTISING 'A',0.042321323,-0.036718062,NASDAQ
76266556,SPB,SPECTRUM BRAND HOLDINGS,0.028008996,-0.024915725,NYSE
116776441,EPR,EPR PROPERTIES,0.03329303,-0.033019699,NYSE
4812396,GWR,GENESEE & WYOMING 'A',0.031,-0.030163418,NYSE
172738518,NVRO,NEVRO,0.045573971,-0.039071096,NYSE
4730589,FEIC,FEI,0.02916689,-0.025470199,NASDAQ
270869,JKHY,JACK HENRY & ASSOCS.,0.020154292,-0.0190615,NASDAQ
12485,SUI,SUN COMMUNITIES,0.032362916,-0.028229185,NYSE
4568,ARW,ARROW ELECTRONICS,0.02523566,-0.024287875,NYSE
37162669,CPA,COPA HOLDINGS S A,0.037827586,-0.036722165,NYSE
4457287,IT,GARTNER 'A',0.026639947,-0.026029613,NYSE
6726677,CSGP,COSTAR GP.,0.028801968,-0.026667237,NASDAQ
29241131,NUVA,NUVASIVE,0.033389578,-0.03237799,NASDAQ
80269548,XRS,TAL EDUCATION GROUP CL.A ADR 1:2,0.038,-0.034628503,NYSE
